</s>,9585
<s>,9585
que,2160
ü§£,2159
va,1338
no,1335
de,1096
a,1018
si,982
la,962
y,937
?,874
el,838
ya,803
me,729
üòÖ,712
es,646
en,576
lo,570
se,555
te,468
gracias,434
yo,366
bro,365
pero,363
por,362
xd,333
.,316
un,303
para,287
le,284
mi,265
con,260
ü•∫,259
jajaja,255
las,254
ahhh,243
bien,241
los,239
muchas,214
est√°,213
vale,201
onda,200
una,193
eso,192
como,174
o,167
todo,161
al,153
entonces,152
hola,150
sim√≥n,149
hay,142
m√°s,142
creo,138
üòé,138
voy,135
solo,134
tu,134
nos,133
del,132
bueno,131
este,127
üòÆ,127
buenas,126
porque,124
manches,120
jaja,118
pa,109
pues,109
üëå,109
oye,108
as√≠,105
tengo,103
ma√±ana,101
jajajaja,100
ver,100
üòä,100
ando,99
sipi,99
qu√©,98
ah√≠,97
okey,94
muy,91
algo,90
hoy,90
profe,88
jeje,87
chale,86
eee,86
est√°s,84
nada,84
2,83
c√≥mo,81
padrino,81
üòÇ,81
üò¨,80
ir,79
t√≠o,78
hacer,77
cuando,76
jsjs,76
compa√±ero,75
hasta,75
dice,74
ese,74
listo,73
mejor,73
jejeje,72
tardes,72
sip,71
dijo,70
eeee,70
brou,69
tambi√©n,69
nmms,66
su,66
1,65
estoy,65
mam√°,65
esa,64
madrina,64
üòû,64
aqu√≠,63
son,63
deja,62
t√∫,62
hijak,61
compa√±eros,60
esta,60
mensaje,60
temachtiani,60
ahorita,59
alaaaaa,58
digo,58
s√≠,58
tienes,58
vemos,58
verdad,58
alv,57
buenos,57
igual,56
üòÄ,56
30,55
hora,55
d√≠as,54
mucho,54
sabes,53
vamos,53
apa,52
3,51
ntp,50
we,50
menos,49
fue,48
noches,48
chido,47
cierto,47
favor,47
paso,47
quieres,47
d√≠a,46
hab√≠a,46
vez,46
soy,45
s√©,45
tarde,45
alaaaaaa,44
andas,44
aranza,44
bestia,44
clase,44
esto,44
jos√©,44
todav√≠a,44
üòÉ,43
ahora,42
alaaaa,41
casi,41
era,41
puedo,41
ser,41
todos,41
les,40
oooo,40
poco,40
tiene,40
üò≠,40
escuela,39
estar,39
otra,39
trabajo,39
vlv,39
8,38
jsjsjs,38
ni,38
veeeeeeeeerde,38
espero,37
falta,37
grupo,37
mis,37
tiempo,37
uno,37
buen,36
ojal√°,36
ve,36
casa,35
iba,35
ma,35
qued√≥,35
siii,35
all√°,34
disculpa,34
eliminaste,34
mmm,34
nadam√°s,34
otro,34
parte,34
veo,34
üò©,34
10,33
alan,33
siempre,33
sobre,33
tal,33
van,33
5,32
equisde,32
estaba,32
estuvo,32
tarea,32
4,31
disculpe,31
fin,31
hecho,31
hermano,31
mira,31
momento,31
perd√≥n,31
todas,31
üòÑ,31
6,30
acabo,30
anda,30
apenas,30
decir,30
est√°n,30
excelente,30
pasa,30
puede,30
sin,30
v√≠,30
hice,29
jajaj,29
llegar,29
problema,29
quiero,29
salir,29
12,28
chalesnt,28
hago,28
igualmente,28
nam√°s,28
pasar,28
unos,28
vans,28
ahhhh,27
dije,27
hace,27
he,27
mal,27
mismo,27
mmmm,27
neta,27
puedes,27
vas,27
vaz,27
üòÅ,27
dinero,26
jajajajaja,26
sali√≥,26
ser√≠a,26
aviso,25
d√≥nde,25
ella,25
m√≠,25
pas√≥,25
quien,25
sabe,25
√∫ltimo,25
7,24
alaaaaaaa,24
antes,24
ayer,24
cosas,24
haciendo,24
jejejeje,24
pregunta,24
s√°bado,24
üò•,24
da,23
efecto,23
equipo,23
eres,23
jajajja,23
noche,23
nop,23
primero,23
quiere,23
üòì,23
aunque,22
crees,22
dar,22
gasto,22
luego,22
ooooo,22
pago,22
ah,21
andamos,21
cuenta,21
cu√°l,21
examen,21
mando,21
necesito,21
n√∫mero,21
parece,21
perfecto,21
plox,21
sea,21
semana,21
siento,21
üôè,21
desde,20
ha,20
jajajaj,20
jajajjaja,20
manera,20
tan,20
tema,20
tenemos,20
xddd,20
üî•,20
ac√°,19
buena,19
denada,19
entiendo,19
env√≠o,19
esos,19
hizo,19
jueves,19
lleg√≥,19
nel,19
ondi,19
pens√©,19
rato,19
siiii,19
tener,19
ti,19
tus,19
vavava,19
viendo,19
üòç,19
chance,18
mins,18
profa,18
ten√≠a,18
ubicaci√≥n,18
ufff,18
viernes,18
(,17
),17
asi,17
cosa,17
fuck,17
jajajajja,17
libre,17
nosotros,17
nuevo,17
poner,17
puso,17
tenga,17
tienen,17
toca,17
verde,17
¬ø,17
dijeron,16
estos,16
jefa,16
lunes,16
nooo,16
nunca,16
pedo,16
preocupe,16
queda,16
responsabilidad,16
smn,16
super,16
unas,16
usted,16
ven,16
√∫ltima,16
ü§î,16
!,15
_,15
ahhhhh,15
aqui,15
cada,15
clases,15
contigo,15
despu√©s,15
dicen,15
estado,15
hija,15
hijos,15
info,15
media,15
medio,15
ondaaaa,15
papi,15
puse,15
quer√≠a,15
seg√∫n,15
tanto,15
uffff,15
alguien,14
andaba,14
bonita,14
brooo,14
comprar,14
cu√≠date,14
debes,14
dieron,14
eiii,14
ejemplo,14
estamos,14
gastos,14
oki,14
ooo,14
opci√≥n,14
poder,14
podr√≠a,14
pos,14
tampoco,14
tempra,14
temprano,14
toda,14
visto,14
üòØ,14
ü•≤,14
ahh,13
avisas,13
a√±os,13
broo,13
carnal,13
cel,13
debe,13
dicho,13
estas,13
feliz,13
feo,13
gusta,13
internet,13
junta,13
lic,13
llama,13
maneras,13
mas,13
nadie,13
ok,13
olv,13
osea,13
pido,13
profesora,13
puedas,13
saliendo,13
semestre,13
ser√°,13
simon,13
tuuu,13
ufffa,13
vaaaa,13
vali√≥,13
veces,13
vida,13
15,12
9,12
acuerdo,12
checo,12
compas,12
compu,12
conmigo,12
creas,12
cual,12
darle,12
final,12
foto,12
fueron,12
jajjaa,12
jalo,12
llevo,12
mmmmm,12
nombre,12
oyeee,12
parecer,12
peeeeero,12
podemos,12
proyecto,12
sab√≠a,12
sale,12
salgo,12
seguro,12
sii,12
ustedes,12
alaaa,11
alaaaaaaaa,11
algunas,11
avr,11
a√±o,11
cualquier,11
cuanto,11
dan,11
dejo,11
descansa,11
digas,11
domingo,11
donde,11
drive,11
encargo,11
entre,11
entrega,11
esas,11
estar√≠a,11
familia,11
fui,11
hacienda,11
hiciste,11
holaaa,11
imagino,11
jajajjaa,11
llego,11
llegu√©,11
mai,11
perro,11
podr√≠as,11
porfa,11
pueden,11
sigue,11
s√∫per,11
uffa,11
vavavava,11
whatsapp,11
üéÇ,11
ü•≥,11
algunos,10
archivo,10
bob,10
chida,10
distancia,10
duda,10
eeeee,10
evidencias,10
fis,10
haber,10
hacerlo,10
haz,10
jsjsj,10
lado,10
llegamos,10
mames,10
mandar,10
meter,10
moleste,10
ouuu,10
pasado,10
problemas,10
recuerdo,10
siguiente,10
simona,10
subir,10
sus,10
tareas,10
tuve,10
vaya,10
vi,10
üí™,10
üòã,10
üòú,10
ü•ö,10
11,9
abrieron,9
acaba,9
adjunto,9
ahi,9
alejandre,9
andr√©s,9
aparte,9
busco,9
cambio,9
canci√≥n,9
cerca,9
ching√≥n,9
comandante,9
contesta,9
correo,9
cree,9
duele,9
ellos,9
entend√≠,9
entrar,9
estuve,9
favorsote,9
forma,9
gmail,9
grande,9
hablar,9
hijaaaaaak,9
horario,9
jefe,9
llegue,9
martes,9
ma√±anita,9
misma,9
mmmmta,9
otros,9
oyeeeee,9
pagar,9
pesado,9
preocupes,9
profes,9
profesor,9
pura,9
pusieron,9
p√°gina,9
r,9
razones,9
saber,9
servicio,9
somos,9
subi√≥,9
trabajar,9
vaaa,9
vea,9
ves,9
viste,9
x,9
√©xito,9
üëç,9
alg√∫n,8
ayudar,8
baja,8
bonito,8
cami√≥n,8
cara,8
caso,8
comer,8
confirmo,8
contestar,8
coppel,8
datos,8
dejaron,8
demanda,8
diferentes,8
dios,8
di√≥,8
dom√≠nguez,8
ejercicios,8
entrenar,8
ernesto,8
escribir,8
escucho,8
escuch√©,8
esperar,8
estaban,8
fecha,8
funci√≥n,8
gusto,8
hijaaaak,8
hijo,8
"https://maps.google.com/?q=19.644920349121094,-99.26240539550781",8
jajajajajaja,8
jajja,8
jaret,8
llega,8
llegando,8
llevar,8
muchos,8
necesita,8
noooo,8
olvid√≥,8
otras,8
pasaron,8
pongo,8
poquito,8
preguntar,8
primer,8
primera,8
pr√≥xima,8
pueda,8
punto,8
quieren,8
qui√©n,8
raz√≥n,8
reporte,8
semanas,8
tomar,8
ufffas,8
ufffff,8
vayas,8
vcf,8
venir,8
wey,8
üò≥,8
ü´°,8
13,7
acab√≥,7
agregu√©,7
amigos,7
andan,7
brazo,7
brous,7
buscar,7
chaaaaaaaaalesnt,7
checa,7
checar,7
contacto,7
cuentas,7
cumple,7
dale,7
damos,7
debemos,7
debo,7
deje,7
dej√≥,7
demasiado,7
dices,7
dijiste,7
dime,7
documento,7
e,7
encontr√©,7
encuentre,7
entregar,7
esperamos,7
esperando,7
esperemos,7
estar√©,7
facebook,7
faltan,7
felicidades,7
fuiste,7
ganas,7
gan√≥,7
genial,7
hablo,7
hacemos,7
hermana,7
hijaaaaak,7
holaaaa,7
holaaaaa,7
ingeniero,7
ir√°s,7
jajaa,7
jajjajaja,7
jejejje,7
larga,7
link,7
l√≠nea,7
mandaron,7
mand√©,7
mes,7
mientras,7
minutos,7
mi√©rcoles,7
modo,7
m√≠o,7
nooooo,7
oiga,7
paro,7
pasando,7
pase,7
peeeero,7
peor,7
pide,7
plan,7
presupuesto,7
pude,7
puro,7
p√°same,7
quedar,7
quisiera,7
reales,7
resultados,7
rodilla,7
rosquilla,7
sal√≠,7
sa√∫l,7
serena,7
siente,7
sigo,7
tambien,7
tengas,7
t√≠a,7
vaaaaa,7
vacaciones,7
vayan,7
veeeeerde,7
veeerde,7
why,7
√∫nico,7
üòµ,7
40,6
50,6
an√°lisis,6
apaaaa,6
aparece,6
apartado,6
ayuda,6
a√∫n,6
brouuu,6
buscando,6
c,6
carrera,6
club,6
comento,6
comida,6
confirmar,6
conoces,6
cuadro,6
cuales,6
cumplea√±os,6
cu√°les,6
cu√°nto,6
das,6
dem√°s,6
descanso,6
di,6
diciendo,6
dile,6
doy,6
drago,6
entendido,6
entro,6
enviar,6
exacto,6
extra,6
fiesta,6
finales,6
f√°cil,6
gaver,6
gustar√≠a,6
gust√≥,6
hacen,6
haga,6
has,6
horas,6
hubo,6
ibas,6
iiiiiiiiira,6
intereses,6
ja,6
jajajajjaja,6
jajajjajaja,6
jajjaja,6
janeth,6
libro,6
llorar,6
manda,6
mande,6
mitad,6
mucha,6
necesitamos,6
necesitas,6
n√∫meros,6
ondaaa,6
ondaaaaa,6
ondaaaaaa,6
oooooo,6
ou,6
oyeeee,6
paga,6
papel,6
pasas,6
pdf,6
peeeeeeero,6
perdi√≥,6
planeado,6
pm,6
pregunto,6
presentaci√≥n,6
procedimiento,6
qued√©,6
queso,6
quieras,6
resultado,6
r√°pido,6
s,6
saco,6
sal√≥n,6
se√±ora,6
shit,6
sigues,6
simulaci√≥n,6
sirve,6
supone,6
tantito,6
tel√©fono,6
ten,6
teniendo,6
teor√≠a,6
terminando,6
tio,6
tlatoani,6
traigo,6
tuuuuu,6
urge,6
usar,6
vengo,6
ventas,6
ve√≠a,6
video,6
viene,6
vino,6
windows,6
x2,6
xdddd,6
üéâ,6
üëè,6
üòâ,6
üòî,6
üò¢,6
100,5
19,5
20,5
28,5
abrazote,5
abrir,5
acabamos,5
adelante,5
afecta,5
alguna,5
anabel,5
analisis,5
apoco,5
apoyo,5
arriba,5
atenci√≥n,5
avanzada,5
baba,5
bancoppel,5
ba√±o,5
broooo,5
caf√©,5
cancelaron,5
captura,5
casualidad,5
chidos,5
chingo,5
ciclo,5
com,5
compa,5
comparto,5
completa,5
completo,5
comprobante,5
conclusi√≥n,5
corta,5
costos,5
culero,5
cumplir,5
c√°lculo,5
dame,5
deben,5
dec√≠a,5
dejamos,5
depende,5
descansar,5
dia,5
dif√≠cil,5
diga,5
disfrutar,5
dormir,5
dos,5
do√±a,5
d√©,5
eiiii,5
ellas,5
empezar,5
empiezo,5
enviado,5
eran,5
escucha,5
escuchado,5
est√©,5
est√©s,5
faltar√≠a,5
fucking,5
fuimos,5
funciona,5
funciones,5
fu√©,5
generalmente,5
guayabo,5
hab√≠as,5
haces,5
han,5
hayas,5
hrs,5
i,5
importante,5
informaci√≥n,5
instrucciones,5
invitaci√≥n,5
jajajajajajaja,5
jajajajjaa,5
jareth,5
largo,5
leer,5
lejos,5
libros,5
lista,5
llamada,5
loco,5
luz,5
l√≠mite,5
mapa,5
materias,5
mayor√≠a,5
meme,5
mercado,5
miedo,5
miranda,5
mmmta,5
molesta,5
molesto,5
mundo,5
n,5
ohhh,5
oieeeee,5
okay,5
olvidado,5
ouuuu,5
pan,5
pap√°,5
paquete,5
paqueter√≠a,5
pareja,5
pasaste,5
pedir,5
pendejo,5
peque√±o,5
personas,5
poli,5
prepa,5
pronto,5
proyectos,5
ratito,5
recuerda,5
respuesta,5
sacar,5
salen,5
salimos,5
san,5
segunda,5
se√±or,5
show,5
siiiii,5
t,5
tardar,5
temas,5
tenis,5
tipo,5
trata,5
uso,5
uste,5
vato,5
vava,5
vectorial,5
volver,5
vrgamo,5
v√≠deos,5
wacha,5
web,5
xdd,5
xfis,5
z,5
√°ndale,5
acaban,4
acabe,4
acord√©,4
afuera,4
agrego,4
ahuevo,4
aiudaaaa,4
alaaaaaaaaa,4
alaaaaaaaaaaa,4
alb,4
alcanzamos,4
am,4
anot√©,4
apaaa,4
apinalan,4
ap√°,4
asistir,4
avisar,4
base,4
bendiga,4
box,4
carta,4
chaaaa,4
chaaaaa,4
chat,4
chava,4
chile,4
chiste,4
chulo,4
claro,4
compa√±era,4
competencia,4
compra,4
conocido,4
conseguir,4
contesto,4
contest√≥,4
corto,4
credencial,4
cumplas,4
dado,4
deber√≠a,4
decidimos,4
decirte,4
dejar,4
dej√©,4
deposita,4
deposites,4
dep√≥sito,4
des,4
descargar,4
dias,4
dificil,4
discretas,4
disponible,4
documentos,4
dominio,4
dormida,4
duro,4
d√°ndole,4
ee,4
eeeeee,4
efe,4
ejercicio,4
electr√≥nica,4
enrique,4
entender,4
enterado,4
entregu√©,4
espera,4
estabas,4
estan,4
estudiar,4
estudios,4
est√°bamos,4
exactamente,4
explicaci√≥n,4
explicar,4
ex√°menes,4
f,4
falla,4
falt√≥,4
flow,4
formato,4
fotos,4
fuerzas,4
general,4
gpi,4
gr√°fica,4
hablando,4
hable,4
habl√©,4
habl√≥,4
hac√≠a,4
haya,4
hip√≥tesis,4
hoja,4
hubiera,4
idea,4
iiiiira,4
iiiira,4
imag√≠nate,4
imprimir,4
inicio,4
instalar,4
integral,4
irnos,4
izcalli,4
jajajaa,4
jajajaaja,4
jajajajajja,4
jajajajjajaja,4
jaua,4
jejej,4
jsjjs,4
jsjsjsjs,4
junto,4
kg,4
like,4
listos,4
literatura,4
llegaron,4
lleva,4
llueve,4
luki,4
malo,4
mandaste,4
marat√≥nica,4
marca,4
matem√°ticas,4
mau,4
memoria,4
mensajes,4
meses,4
minuto,4
miri,4
mmmmmm,4
molestando,4
molestarte,4
molestes,4
molestia,4
much√≠simas,4
m√©xico,4
na,4
necesario,4
nisiquiera,4
nombres,4
nota,4
nuestras,4
nuestro,4
nuestros,4
nueva,4
oficial,4
ojo,4
ondaaaaaaaaaaa,4
opinan,4
outlook,4
pablo,4
padre,4
pagando,4
pagues,4
palabras,4
pasada,4
patada,4
pedos,4
pel√≠cula,4
pensando,4
perame,4
perder,4
perd√≠,4
personal,4
peso,4
pesos,4
placer,4
podr√©,4
pod√≠a,4
pone,4
ponerlo,4
porfis,4
potencial,4
pregunt√©,4
pregunt√≥,4
presionando,4
proceso,4
pruebas,4
pr√°ctica,4
pr√≥ximo,4
ptm,4
puntos,4
puta,4
quedando,4
quede,4
quedo,4
quita,4
ra,4
raro,4
re,4
realidad,4
regresar,4
reuni√≥n,4
rifado,4
risa,4
ropa,4
sala,4
salieron,4
salio,4
series,4
ser√≠an,4
simples,4
sino,4
siquiera,4
sola,4
sorpresa,4
sticker,4
subo,4
suele,4
surgi√≥,4
ta,4
tabla,4
tardanza,4
tarjeta,4
teams,4
tendr√°s,4
tendr√©,4
tenido,4
teoria,4
to,4
toc√≥,4
tomando,4
tomo,4
trabajado,4
trabajando,4
traer,4
tuvo,4
up,4
uyyy,4
vacuna,4
valen,4
varios,4
vavavva,4
vavavvaa,4
vecino,4
veremos,4
verga,4
vergamo,4
verla,4
videos,4
vienes,4
vimos,4
vs,4
v√≠deo,4
weee,4
wtf,4
xfa,4
yyyy,4
√©l,4
üôÇ,4
ü§§,4
ü•∞,4
ü•π,4
0,3
22,3
23,3
24,3
35,3
4.2,3
500,3
600,3
700,3
aa,3
aaaa,3
abdiel,3
abrazo,3
acu√©rdate,3
aczino,3
adentro,3
adi√≥s,3
agua,3
ahorros,3
alado,3
algun,3
alooooo,3
amo,3
andale,3
andar,3
anexo,3
anotado,3
anotar,3
anotaste,3
apaa,3
aplicaciones,3
arena,3
armar,3
artificial,3
art√≠culo,3
atorado,3
atravesado,3
audio,3
aveces,3
aver,3
avisa,3
bajo,3
banda,3
bernardo,3
beto,3
bezout,3
blanco,3
blowjob,3
boca,3
brooooo,3
broudi,3
busca,3
busque,3
cambiar,3
caminando,3
capturas,3
cartilla,3
cct,3
cena,3
cerrar,3
chamba,3
chidas,3
chisme,3
chuy,3
cita,3
coe,3
coma,3
compartir,3
compro,3
computaci√≥n,3
computadora,3
comunicarme,3
concepto,3
conclusiones,3
conjuntos,3
conocimos,3
consigue,3
contactar,3
contar,3
contrase√±a,3
coordinar,3
correcta,3
costumbre,3
cuello,3
cumples,3
c√≥digo,3
d,3
daba,3
dando,3
dar√°,3
decid√≠,3
den,3
dentro,3
desarrollo,3
despert√©,3
diario,3
dick,3
dimos,3
directamente,3
dir√≠a,3
diste,3
dlv,3
doki,3
dormido,3
duerma,3
dura,3
ecuacion,3
eii,3
ejemplos,3
emm,3
emmm,3
empez√≥,3
empresas,3
encuentras,3
encuentro,3
ense√±ar,3
entend√≠a,3
envi√≥,3
error,3
escom,3
escuelas,3
esfuerzo,3
esguinc√©,3
espant√©,3
estarte,3
estudia,3
estudiando,3
euuu,3
exito,3
familiar,3
family,3
fe,3
finanzas,3
formas,3
formulario,3
fuera,3
fuerte,3
fuuuuck,3
fuuuuuuck,3
gente,3
grabar,3
gringos,3
gustan,3
h,3
habia,3
hablas,3
hacerla,3
hacerle,3
hackearon,3
hdp,3
historia,3
hojas,3
horarios,3
hubieras,3
huevo,3
iban,3
identidad,3
iiiiiiira,3
importancia,3
impresora,3
individuales,3
infograf√≠a,3
ing,3
ingresos,3
inteligencia,3
interesa,3
inversa,3
investigar,3
investigo,3
irte,3
isa,3
j,3
jajajajaa,3
jajajajaj,3
jajajjjaja,3
jaka,3
jejejej,3
jejejejeje,3
jejejjee,3
jordan,3
jsjss,3
juicio,3
juntas,3
klan,3
l,3
lab,3
laura,3
lectura,3
letra,3
libretas,3
limpieza,3
linea,3
llegar√©,3
lleve,3
llora,3
lloviendo,3
locos,3
lomas,3
m,3
madres,3
madrugada,3
mama,3
mamadas,3
mam√≥n,3
man,3
mandas,3
mand√≥,3
marcas,3
marco,3
materiales,3
mayra,3
mero,3
meteo,3
metio,3
metiste,3
meto,3
metro,3
mia,3
min,3
moderna,3
mu√±eca,3
my,3
m√°ndame,3
m√°ximo,3
m√©todo,3
m√≠a,3
m√≥dem,3
naaaa,3
nacer,3
namames,3
nariz,3
necesitaba,3
ning√∫n,3
noo,3
normal,3
notificaci√≥n,3
novio,3
nuestra,3
numero,3
office,3
ohh,3
oie,3
oieee,3
ojos,3
ondiii,3
ooooooo,3
opcion,3
operaciones,3
paaaa,3
paola,3
partir,3
pasajes,3
pases,3
pd,3
pedido,3
pediste,3
ped√≠,3
pelea,3
peleas,3
pensado,3
perdieron,3
permiso,3
persona,3
pic,3
pidiendo,3
piensa,3
pienso,3
pinche,3
piso,3
planes,3
pl√°tica,3
podr√≠an,3
ponerme,3
porfas,3
porfavor,3
posici√≥n,3
potente,3
preguntas,3
preocupen,3
presenciales,3
presi√≥n,3
principio,3
probar,3
producto,3
programa,3
prueba,3
pr√©stamo,3
pudo,3
quedamos,3
quedan,3
queeee,3
quitar,3
quite,3
quito,3
rara,3
ready,3
recarga,3
reclamar,3
recordar,3
redactando,3
redactarlo,3
redes,3
referencias,3
refiere,3
regla,3
regresamos,3
regreso,3
reloj,3
repente,3
resolver,3
responsable,3
rico,3
rifa,3
ritmo,3
sabemos,3
saben,3
sacas,3
salga,3
salud,3
saludos,3
sano,3
sean,3
seas,3
secci√≥n,3
seguido,3
sent√≠,3
septiembre,3
se√±al,3
sido,3
sigas,3
significa,3
siguen,3
siiiiii,3
silla,3
simoooon,3
simplemente,3
siscom,3
sistemas,3
sobra,3
suba,3
subiendo,3
subirlo,3
suena,3
sue√±o,3
tardan,3
tardo,3
ten√≠amos,3
terminar,3
tiempos,3
todavia,3
toma,3
toque,3
total,3
trae,3
trajo,3
tranki,3
transferencia,3
tratando,3
trato,3
tr√°fico,3
turi,3
tutorial,3
tuuuu,3
tuyo,3
uer,3
unidad,3
unir,3
universitario,3
uri,3
usa,3
usando,3
vaaaaaa,3
vaaaaaaa,3
vaina,3
valer,3
valles,3
valor,3
valores,3
vavavavva,3
vavavvava,3
vavavvavava,3
velocidad,3
venta,3
verdeeee,3
ver√°s,3
vine,3
vio,3
virtual,3
virus,3
vivo,3
voltaje,3
voto,3
vrga,3
vrrrga,3
vuelvo,3
wacho,3
word,3
work,3
xdxdxd,3
xf,3
xfas,3
yendo,3
youtube,3
¬™,3
√©chale,3
√∫nicos,3
√∫tiles,3
üòñ,3
ü§ó,3
üßê,3
ü´£,3
ü´®,3
000,2
137180104128301435,2
14,2
16,2
17,2
18,2
31,2
38,2
43,2
45,2
5215573764146,2
54720,2
55,2
62,2
863,2
aaaaaa,2
abdielk,2
abiertas,2
aca,2
acabar,2
acab√©,2
accidente,2
aceleraci√≥n,2
acept√≥,2
acerca,2
acostado,2
actitud,2
actualizaciones,2
actualizar,2
adjuntar,2
adri√°n,2
again,2
agarrar,2
agradesco,2
agrega,2
ahueeeeevo,2
aiuda,2
akaaaa,2
alaaaaaaaaaa,2
alaaaaaaaaaaaa,2
alaaaaaaaaaaaaaa,2
alas,2
alejandra,2
almacenamiento,2
alto,2
amiga,2
amigo,2
amor,2
andabas,2
andaremos,2
anterior,2
antoja,2
anuncio,2
apaaaaaa,2
aparecer,2
aplicar,2
aplicaste,2
aplic√≥,2
apoyar,2
apoyarte,2
app,2
aprende,2
aprender,2
aprovecha,2
apunto,2
arancita,2
archivos,2
arcoseno,2
arma,2
arme,2
arreglar,2
arreglarlo,2
astrazeneca,2
ataque,2
atenta,2
atrasado,2
atr√°s,2
aud√≠fonos,2
avance,2
avisarle,2
avise,2
ay,2
ayudan,2
ayudar√°,2
ayude,2
ayudo,2
azul,2
azules,2
b,2
bajar,2
bajes,2
banamex,2
bancomer,2
barba,2
bastante,2
batalla,2
ba√±arme,2
beneficiario,2
biblioteca,2
bistec,2
bloque,2
bloquees,2
blowjobs,2
boletos,2
borr√≥,2
bosques,2
break,2
broooooo,2
broouu,2
bros,2
buscaron,2
b√∫scalo,2
c90,2
cabeceo,2
cabeza,2
cabron,2
caer,2
cajero,2
calamidad,2
calculo,2
calificaci√≥n,2
cama,2
cambia,2
cambi√≥,2
campe√≥n,2
cancel√≥,2
cansado,2
cansando,2
cantar,2
cantidad,2
cargo,2
caro,2
carreras,2
casilla,2
casillas,2
casillero,2
cay√≥,2
ca√±√≥n,2
celular,2
cemento,2
chaaa,2
chaaaaale,2
chaaale,2
chaaalesnt,2
chakalonas,2
chamarra,2
champa√±a,2
champa√±as,2
champa√±itas,2
chanzon,2
chavos,2
che,2
checada,2
checalo,2
checando,2
cheque,2
chetos,2
chidillo,2
chingando,2
chingona,2
chingue,2
chuerk,2
chulas,2
ciencias,2
citar,2
ciudad,2
clave,2
cliente,2
coach,2
cobrando,2
cobrar,2
cobros,2
codigo,2
coincidimos,2
colombia,2
colonia,2
comentamos,2
comentarios,2
comentarle,2
comiendo,2
comipems,2
compartida,2
compartimiento,2
compartimos,2
comparti√≥,2
complicado,2
compraron,2
compras,2
compraste,2
comprendo,2
comunicaci√≥n,2
condiciones,2
conectado,2
conectar,2
confianza,2
confirmaci√≥n,2
confirmaron,2
conforme,2
confundiendo,2
confund√≠,2
confuso,2
conoc√≠a,2
consegu√≠,2
consejo,2
constancia,2
constante,2
contenido,2
contestaciones,2
contestaste,2
contrase√±as,2
cont√≥,2
convivio,2
coordina,2
coraz√≥n,2
corre,2
correcto,2
corresponde,2
corrieron,2
cosillas,2
costando,2
covid,2
cp,2
crema,2
cuadraba,2
cuadrar,2
cuantas,2
cuautitlan,2
cuento,2
cuestionario,2
cuidese,2
curso,2
cu√°ntas,2
cu√°ntos,2
c√°lculos,2
dandole,2
dec√≠as,2
defender,2
dejame,2
dejan,2
dejen,2
dejes,2
demasiaaaado,2
demasiada,2
demostrar,2
demostr√≥,2
demuestro,2
denso,2
dependencias,2
depocitar,2
derecha,2
derecho,2
desbloqueado,2
descanse,2
descubr√≠,2
descuentos,2
desocupo,2
desordenado,2
despertar,2
despierta,2
despiertas,2
despues,2
detalles,2
diablo,2
dickasos,2
diferencia,2
diferenciales,2
dijeran,2
direcci√≥n,2
disco,2
disfrutes,2
distribuci√≥n,2
doli√≥,2
dol√≠a,2
dormir√©,2
dormiste,2
duermo,2
duran,2
echarle,2
edgardo,2
eeeeeee,2
efectivo,2
ei,2
empieza,2
encuentra,2
enferma,2
enfrentar,2
enfrente,2
enserio,2
ense√±ado,2
ense√±e,2
entero,2
entiende,2
entra,2
entras,2
entregan,2
entrenamiento,2
entrenando,2
entr√©,2
enunciado,2
enviando,2
envi√©,2
env√≠e,2
equipos,2
equivoqu√©,2
escribas,2
escribientes,2
escritura,2
escuchaba,2
escupo,2
espantado,2
especificaciones,2
esperaba,2
espere,2
estaci√≥n,2
estados,2
estando,2
estes,2
estupido,2
estuvieron,2
examenes,2
exis,2
existe,2
experiencia,2
explica,2
explota,2
extragrande,2
extra√±an,2
eyy,2
fa,2
face,2
fachero,2
fallando,2
fallas,2
falto,2
familiares,2
famosa,2
fan,2
favores,2
febrero,2
fiebre,2
fierro,2
fortuna,2
frase,2
fresco,2
fr√≠o,2
fucker,2
fuente,2
funcion√≥,2
f√°ciles,2
gallo,2
ganitas,2
gasta,2
golpes,2
good,2
gpei,2
grab√≥,2
gratis,2
grito,2
groser√≠as,2
grupos,2
guapoo,2
gustas,2
gustavo,2
gym,2
habla,2
hablaste,2
hab√≠an,2
hacia,2
hacker,2
hagan,2
hagas,2
har√©,2
har√≠a,2
hazle,2
hazlo,2
headphones,2
hemos,2
hicieron,2
hidalgo,2
hijai,2
horita,2
horitas,2
html,2
"https://maps.google.com/?q=19.6289898,-99.2269664",2
https://ubicatucasilla.ine.mx/,2
ideas,2
ido,2
ieee,2
igualita,2
iiiiiira,2
iiiiiiraaa,2
imagen,2
imaginaba,2
imprevisto,2
inc√≥modo,2
individual,2
industria,2
ine,2
instructivo,2
integrar,2
intento,2
intent√©,2
interesante,2
internacional,2
intervalo,2
inversas,2
investigaci√≥n,2
invitar,2
irme,2
ir√©,2
isabel,2
jab√≥n,2
jajajajajaj,2
jajajajajajjaja,2
jajajajajjajaja,2
jajajajakjaa,2
jajajajjajajaja,2
jajajjajaa,2
jajajjajaj,2
jajajjajajaj,2
jajajjajajajja,2
jajajjq,2
jajaka,2
jajjajaa,2
jala,2
janeeeeeeth,2
jeejeje,2
jefeeee,2
jefeeeee,2
jejejjeje,2
jejje,2
jerry,2
jjaja,2
jose,2
jsjsjjs,2
juan,2
juntaron,2
juntes,2
junt√≥,2
justificar,2
j√≥venes,2
k,2
ladito,2
lanzar,2
lanzo,2
latas,2
learning,2
leerlo,2
legal,2
lei,2
letras,2
levantar,2
le√≠,2
le√≠a,2
le√≠do,2
limite,2
limones,2
limpio,2
liquidez,2
listas,2
listooo,2
lit,2
literal,2
llave,2
llaves,2
llenes,2
llevado,2
llevamos,2
llevaste,2
llev√≥,2
lloro,2
llor√©,2
ll√©vate,2
locaaaa,2
logica,2
logres,2
loquillo,2
l√°grimas,2
l√°nzate,2
maaaa,2
machine,2
macoco,2
maestra,2
mala,2
maldito,2
mamador,2
mamaste,2
mam√≥,2
manchessss,2
mandamos,2
manden,2
mandes,2
mand√°rselo,2
mano,2
manos,2
marcar,2
mariana,2
marque,2
marta,2
marzo,2
master,2
materia,2
ma√±anas,2
medicamentos,2
medida,2
mejores,2
memes,2
mental,2
mera,2
mercados,2
mesa,2
metes,2
metodo,2
met√≠,2
mexicanos,2
mide,2
miel,2
miercoles,2
miguel,2
militar,2
milka,2
mismas,2
mismos,2
modelos,2
modificaciones,2
modifiqu√©,2
molestas,2
molest√°ndote,2
mont√≥n,2
mood,2
morelos,2
mostrar,2
mother,2
moto,2
moviendo,2
movimiento,2
mr,2
mts,2
muero,2
muertos,2
m√°ndale,2
m√≠as,2
nadamas,2
narcisista,2
necesitan,2
nervioso,2
nesecita,2
nesecitado,2
nesecitas,2
nesecitaste,2
noamches,2
nocierto,2
noooooo,2
noooooooooo,2
noticias,2
nuevamente,2
nuevas,2
objetivo,2
obtener,2
obviamente,2
obvio,2
ocupados,2
ocupar,2
ocurri√≥,2
of,2
oferta,2
ofrece,2
ofrecen,2
ofrecer,2
ogt,2
oh,2
oieeee,2
oigan,2
olvida,2
olvidar,2
olvide,2
ondaa,2
ondaaaaaaa,2
ondiiiii,2
opciones,2
opino,2
orden,2
organigrama,2
organizador,2
original,2
oyee,2
p,2
paaa,2
padres,2
padrinoooo,2
pagina,2
pague,2
pal,2
palabra,2
pana,2
parada,2
parate,2
pareci√≥,2
parque,2
par√°bola,2
par√°metro,2
pasados,2
pasan,2
pasarla,2
pasarlo,2
pasivo,2
pasos,2
pastel,2
pdfs,2
pedi,2
peeeeeeeeeeero,2
peeero,2
pegar,2
pena,2
pendientes,2
pensaba,2
pepe,2
periodo,2
perra,2
perspectiva,2
pesa,2
pesadito,2
php,2
pi,2
piden,2
piedad,2
piensas,2
piernas,2
pizza,2
plantilla,2
playera,2
plazo,2
podido,2
podrias,2
podr√°,2
podr√°s,2
pollo,2
pollos,2
ponemos,2
pongas,2
ponle,2
ponte,2
porfaaaa,2
posho,2
posible,2
posiblemente,2
practica,2
preguntando,2
preguntota,2
preparado,2
presentar,2
presentas,2
prestes,2
probando,2
problem,2
productos,2
progra,2
programaci√≥n,2
promedio,2
pron√≥stico,2
propedeutico,2
prototipo,2
prpfe,2
puertas,2
puros,2
pusiste,2
puteado,2
puto,2
python,2
pzas,2
qhhh,2
qpd,2
quedaste,2
quedes,2
queremos,2
quer√≠an,2
quer√≠as,2
quienes,2
quiera,2
quitado,2
quizo,2
radio,2
rama,2
reacci√≥n,2
realizar,2
realiz√≥,2
reban√≥,2
rechaz√≥,2
recomendaci√≥n,2
recomendaron,2
recta,2
recuerde,2
redactado,2
referencia,2
refiero,2
rega√±o,2
relaciones,2
relax,2
repartimos,2
repertorio,2
retirar,2
retrasado,2
retroalimentaci√≥n,2
revisada,2
revisando,2
revisar,2
rey,2
re√≠r,2
rifo,2
rif√≥,2
rollo,2
ruta,2
r√°pida,2
sabido,2
sacado,2
saludo,2
salud√©,2
santa,2
saque,2
saqu√©,2
sauuuuul,2
seguros,2
sensor,2
sentir,2
serian,2
serie,2
ser√°n,2
shock,2
siendo,2
sientes,2
siga,2
siguientes,2
similar,2
simooon,2
simulacro,2
sistema,2
sitio,2
sobrando,2
social,2
sof√≠a,2
solamente,2
solicitud,2
solos,2
sonrisa,2
ss,2
sube,2
subiste,2
sueldo,2
suficiente,2
sufrir,2
sumamos,2
supo,2
surtir,2
tablas,2
talla,2
tama√±o,2
tardado,2
tardar√©,2
tard√≥,2
tata,2
taxi,2
team,2
tecnicamente,2
tecnologico,2
tendras,2
tenerlo,2
tengamos,2
tengan,2
tepa,2
tepojaco,2
terapia,2
termina,2
termine,2
termino,2
this,2
time,2
tiooo,2
tir,2
tira,2
tirar,2
tmb,2
tocado,2
todoooo,2
tomas,2
tome,2
topo,2
tose,2
tostadas,2
toy,2
tqm,2
tranqui,2
transformaci√≥n,2
tratar,2
tren,2
tr√°mite,2
tt,2
t√©cnico,2
t√≠os,2
u,2
ufc,2
uffas,2
uffffas,2
ultima,2
unam,2
update,2
urgen,2
usemos,2
us√©,2
uuuu,2
uyy,2
vaa,2
vaaaaaaaa,2
vaaaaaaaaaaa,2
vaaaaaaaaaaaa,2
vaaaaaaaaaaaaaa,2
variables,2
varias,2
vavav,2
vavavav,2
vavvaa,2
vavvava,2
vavvavava,2
veeeeeerde,2
vender,2
vendes,2
vendr√°n,2
ven√≠an,2
verguitas,2
verg√ºenza,2
verrrga,2
ver√©,2
viaje,2
vienen,2
vista,2
viviendo,2
voca,2
volvimos,2
vomitar,2
vuelves,2
wachoo,2
wer,2
weyes,2
whats,2
xbox,2
xddddd,2
x¬≤,2
yael,2
yyyyyyy,2
zapatos,2
zone,2
√©ramos,2
√∫ltimos,2
üéà,2
üê∂,2
üí§,2
üòå,2
üòò,2
üò≤,2
üò∂,2
ü§©,2
00,1
09000001035598365,1
1.20,1
1.42,1
1.51,1
1.70,1
10.82,1
1000,1
10000,1
100000,1
10412830143,1
120,1
1234,1
150,1
1500,1
160,1
1600,1
1750,1
180,1
185,1
2018,1
2018087921,1
2021,1
2021630099,1
21,1
2142,1
240,1
26,1
3.4,1
300,1
30000,1
310,1
3132,1
32,1
33,1
34338,1
360,1
4.1,1
4.3,1
4.5,1
4152,1
4169160485997234,1
420,1
49,1
5.1,1
5.4,1
5000,1
500000,1
5196,1
52,1
5215516480991,1
5215544616640,1
5215554625840,1
5215561751791,1
5579100245003494,1
5587256129,1
5588787715,1
59,1
6.85,1
60,1
6181,1
6470,1
79,1
80,1
83,1
85995,1
9068,1
907,1
936,1
9368,1
950,1
9606,1
_4,1
aaaaa,1
aaaaaaa,1
aaaaaaaa,1
aaaaaaaaa,1
aaaaaaahhhhhhhh,1
aalaaaaaa,1
abajo,1
abandonados,1
abandonaste,1
abasto,1
abdielvalenzuelasoto02,1
abierta,1
abiertamente,1
abierto,1
abra,1
abras,1
abre,1
abrele,1
abrirlo,1
abriste,1
abri√©ndose,1
abri√≥,1
absolutamente,1
absoluto,1
abu,1
abue,1
abuelita,1
acababa,1
acabado,1
acabando,1
acabaron,1
acabar√°,1
acabaste,1
acaben,1
acabooo,1
academia,1
acapulcazo,1
account,1
aceite,1
acekto,1
aceleracion,1
aceptarla,1
acepte,1
acepto,1
aciertos,1
aclar,1
aclarar,1
aclaras,1
acolchado,1
acomoda,1
acomodarlas,1
acompa√±arme,1
acompletamos,1
acordaba,1
acordado,1
acordar,1
acordarte,1
acostadito,1
acostar,1
acostarte,1
acostumbrado,1
activada,1
actividades,1
activo,1
activ√≥,1
acto,1
actuado,1
actualizacion,1
actualizaci√≥n,1
actualizado,1
actualiz√≥,1
actuar√≠a,1
acuerdate,1
ac√∫stica,1
adc,1
adecuaba,1
adelantado,1
adelantados,1
adelantar,1
adelantaron,1
adelantarse,1
adem√°s,1
admin,1
administraci√≥n,1
administrativo,1
admiro,1
admisi√≥n,1
adobe,1
adrenalina,1
adrian,1
advertencias,1
afectan,1
afuerita,1
agarrando,1
agarraron,1
agarras,1
agarre,1
agarro,1
agarr√©,1
agendados,1
agghhhhhhhhhhh,1
ago,1
agosto,1
agotada,1
agradaste,1
agradeceria,1
agradeces,1
agradezco,1
agraviosa,1
agregando,1
agregar,1
agregaste,1
agripado,1
aguacados,1
aguanta,1
aguante,1
agusticidad,1
agusto,1
agust√≠n,1
ahhhahhhhahhh,1
ahhhhhh,1
ahhhhhhh,1
ahhhhhhhh,1
ahijado,1
ahog√≥,1
ahorramos,1
ahorras,1
ahoy,1
ahuevh,1
ahuevho,1
ahuevoo,1
ai,1
aiudaaaaa,1
ajax,1
ala,1
alaa,1
alaaaaaaaaaaaaa,1
alaaaan,1
alaaaaq,1
alabestia,1
aladito,1
alarg√≥,1
alarma,1
alarmas,1
alasaa,1
alba√±il,1
alberto,1
alboroto,1
alcance,1
alcanza,1
alcanzarias,1
alcanzaron,1
alcanzo,1
alcohol,1
alcoh√≥lico,1
alcoh√≥licos,1
alejandro,1
alejarme,1
aleje,1
alej√©,1
alerta,1
alertas,1
alex,1
alexa,1
alfaro,1
algoritmmos,1
algoritmos,1
alguito,1
alguno,1
alias,1
alimentos,1
alla,1
alma,1
aloc√≥,1
aloooooo,1
aloque,1
alrato,1
alumno,1
alze,1
amaaaaaaa,1
amanece,1
amanecer,1
amantes,1
amarillo,1
amateur,1
amenaza,1
amenazando,1
amenazarne,1
amenazar√≠an,1
amigas,1
amistad,1
amontone,1
ampermetro,1
am√©rica,1
ana,1
analizando,1
andaaaaaas,1
ande,1
andes,1
andres,1
andrew,1
android,1
andubo,1
anduve,1
anexado,1
anexes,1
anex√©,1
anillo,1
anillos,1
anonadado,1
anoten,1
anteriores,1
antidoping,1
antiguo,1
antivirus,1
antojes,1
anuel,1
anular,1
anul√≥,1
an√≥nimo,1
apaaaaaaaaaa,1
apaaaaaaaaaaaa,1
apaga,1
apagar,1
apagu√©,1
aparecen,1
aparecido,1
apareciendo,1
aparecieron,1
apareci√≥,1
aparezca,1
apartame,1
apellidos,1
api,1
aplastes,1
aplicate,1
aplique,1
aportaciones,1
aportar,1
aportas,1
aporto,1
apoyan,1
apoyando,1
apoyas,1
apoyaste,1
apoy√°ndonos,1
applets,1
aprendan,1
aprenden,1
aprendes,1
aprendi,1
aprendiendo,1
aprendimos,1
aprend√≠,1
aprovechando,1
aproximadamente,1
apto,1
apuntado,1
apunte,1
apuntes,1
apura,1
apurate,1
apure,1
ap√≥yala,1
ap√∫rate,1
aquellas,1
araaaanza,1
aranzaaa,1
aranzaaaa,1
arco,1
are,1
aretes,1
ariel,1
armadura,1
armando,1
arm√≥,1
arque√©,1
arrastrisa,1
arreglando,1
arregle,1
arrepent√≠,1
arrepiento,1
arroz,1
as,1
asaltantes,1
asalten,1
asaltos,1
ases,1
asesoran,1
asist√≠,1
asuntillos,1
asunto,1
asuntos,1
atenderte,1
atienda,1
atorados,1
atrasada,1
atrasados,1
atraves√≥,1
atraviesan,1
atrevi√≥,1
atropellan,1
at√∫n,1
auditorio,1
auditor√≠as,1
aumentada,1
aurre,1
aurrer√°,1
avances,1
avanzado,1
avanzando,1
avanzar,1
avena,1
avenida,1
aviento,1
avisado,1
avisame,1
avisando,1
avisara,1
avisarles,1
avis√©,1
av√≠same,1
awa,1
awanta,1
awita,1
awwwwwww,1
axel,1
axioma,1
ayudando,1
ayudarle,1
ayud√≥,1
azote,1
azotea,1
azotes,1
azucar,1
azulitos,1
az√∫l,1
a√°aaaaa,1
a√±adi,1
a√±adiendo,1
a√±adieron,1
a√±adir,1
a√±adiremos,1
a√±oooooo,1
bababa,1
babay,1
babjohh,1
babo,1
badon,1
bailan,1
bailar,1
bajaaaa,1
bajale,1
bajas,1
bajate,1
baj√≥,1
balance,1
balazos,1
balconeaste,1
balneario,1
balu,1
bananas,1
bancaria,1
bancarias,1
bandamax,1
bank,1
banquita,1
barney,1
barridas,1
basa,1
batiz,1
batman,1
bazel,1
ba√±ando,1
ba√±e,1
ba√±ito,1
bdo,1
be,1
bebidas,1
beca,1
becas,1
beibi,1
bel,1
ben,1
bendiciones,1
bendici√≥n,1
benito,1
beo,1
bermudas,1
besito,1
bestiaaaa,1
bestiaaaaa,1
bestiaaaaaa,1
bestiales,1
biblia,1
bicampeones,1
bieb,1
bienes,1
bienvenido,1
big,1
biker,1
billar,1
billarsin,1
bloqueame,1
bloqueando,1
bloquear,1
bloquearlos,1
bloquearme,1
bloqueas,1
bloqueo,1
bloques,1
blowjober,1
blue,1
bo,1
boceto,1
bocina,1
bold,1
bolishos,1
bolsa,1
bordes,1
borracho,1
borrador,1
borrarlos,1
borraste,1
borres,1
borro,1
borr√©,1
botanas,1
botas,1
bot√≥n,1
boxer,1
brain,1
brandon,1
brasile√±a,1
brasile√±o,1
brazalete,1
brazito,1
brindarme,1
broj,1
broma,1
broooooooo,1
brooooooooooooooo,1
broudis,1
brouuuu,1
brouuuuuu,1
brrroooo,1
br√≥coli,1
buenoemm,1
buey,1
buffet,1
bullying,1
bultos,1
burguer,1
burla,1
burra,1
buscar√©,1
buscas,1
busqueda,1
busques,1
b√°sico,1
b√°squet,1
b√©isbol,1
b√©licas,1
c1,1
c2,1
caballero,1
caballeros,1
cabe,1
caber,1
cables,1
cabrona,1
cacha,1
cachorro,1
cadena,1
cae,1
caerle,1
caga,1
cagando,1
cajeros,1
calcetas,1
calculemos,1
calidad,1
calificar,1
calific√≥,1
call,1
callateeeeeeee,1
callendo,1
calles,1
calmada,1
calmado,1
calor,1
calzones,1
cambiado,1
cambiarme,1
cambiaste,1
cambie,1
cambios,1
caminaba,1
camiones,1
camisa,1
campechana,1
campo,1
camuflajear,1
cancelado,1
cancelar,1
cancelo,1
cancha,1
canelo,1
cansadon,1
canta,1
cante,1
cant√≥n,1
caos,1
capit√°n,1
cap√≠tulo,1
caracterizo,1
carajo,1
carga,1
cargador,1
cargando,1
caritas,1
carlitos,1
carlos,1
carnaaaaaaal,1
carnaaaaal,1
carnala,1
carnalito,1
carpeta,1
carreritas,1
car√°cter,1
casas,1
caseta,1
casitas,1
castigada,1
causas,1
cbtis,1
cecytem,1
cejas,1
celebran,1
celebrar,1
cenar,1
centrales,1
centro,1
cepillo,1
cercano,1
cerco,1
cerd,1
cerebros,1
ceremonia,1
cerquita,1
cerrar√≠a,1
chaaaaaa,1
chaaaaaaaaaaaaa,1
chaaaaaaaalesnt,1
chaaaale,1
chalee,1
chales,1
chalesent,1
chalesota,1
chalma,1
chalmita,1
chamarras,1
chambeando,1
chapulinearon,1
chapulines,1
charles,1
charras,1
chas,1
chats,1
chavo,1
checadita,1
checala,1
checamos,1
checandolo,1
checaramos,1
checarla,1
checarlo,1
checarme,1
checho,1
cheesecake,1
chente,1
chequen,1
chequenlo,1
chequ√©,1
cheto,1
chiaaaa,1
chiaaaaaa,1
chica,1
chicharr√≥n,1
chicos,1
chidoooo,1
chifa,1
children,1
chillona,1
chincando,1
chingarle,1
chingoneria,1
chivas,1
choca,1
chow,1
christian,1
chucho,1
chula,1
chuletita,1
chulos,1
ch√©calo,1
cic,1
cicla,1
ciento,1
cient√≠ficamente,1
cierra,1
cierrame,1
cierran,1
cierre,1
cierren,1
cilantro,1
cimentarlo,1
circuito,1
cisco,1
citale,1
cituacio,1
ck,1
clabe,1
clasecilla,1
clasificando,1
clasificar,1
clasificaremos,1
clic,1
cloralets,1
cm13,1
cm7,1
cobran,1
cobrarle,1
coca,1
cocido,1
cocinando,1
cocinar,1
cocino,1
codificacion,1
coincidiendo,1
cola,1
coladito,1
colegiatura,1
colgado,1
color,1
colores,1
combinaci√≥n,1
come,1
comentarlo,1
comentaron,1
comentas,1
comenten,1
coment√©,1
comidita,1
comienzo,1
comimos,1
comodo,1
compaa,1
compad,1
compadre,1
comparaci√≥n,1
comparado,1
comparar,1
compare,1
comparten,1
compartiendo,1
compartimientos,1
compartirlo,1
compatible,1
compa√±wro,1
compa√±√≠a,1
competir,1
compillas,1
complejas,1
complejo,1
completos,1
complica,1
complicada,1
complicando,1
complic√≥,1
comporto,1
comprarle,1
comprarlo,1
comprar√°s,1
comprenda,1
comprendas,1
comprendes,1
compres,1
comprimidos,1
comprobados,1
comprobantes,1
comprobar,1
compromiso,1
compromisos,1
comprueba,1
compr√©,1
computacional,1
computacionales,1
comp√°rtelo,1
comunicado,1
comunicando,1
comunique,1
comun√≠cate,1
com√≠,1
com√∫n,1
conalep,1
concentrate,1
concentro,1
conceptual,1
concha,1
conciencia,1
concluye,1
concuerda,1
conecta,1
conectaba,1
conectarme,1
conectores,1
conexi√≥n,1
confiados,1
configuracion,1
confirma,1
confirmado,1
confirmarte,1
confirmen,1
confirm√≥,1
confundi,1
conf√≠e,1
conf√≠es,1
conf√≠o,1
conmiserarse,1
conoce,1
conocer,1
conociera,1
conocieron,1
conozca,1
conozco,1
conquistar,1
consegui,1
conseguir√≠a,1
consegu√≠a,1
consejos,1
considera,1
consideraci√≥n,1
considerando,1
considerar√≠a,1
considero,1
consigas,1
consigo,1
consulte,1
cons√≠guelo,1
contaba,1
contactos,1
contact√≥,1
contado,1
contador,1
contaron,1
contento,1
contestaba,1
contestaci√≥n,1
contestado,1
contestamos,1
contestar√°s,1
contestas,1
conteste,1
contestes,1
contest√©,1
contexto,1
contra,1
contratan,1
controla,1
cont√©,1
convencerla,1
conveniente,1
conviene,1
convincentes,1
convirtiendo,1
coordenadas,1
coordinaste,1
coordine,1
copi√©,1
coraje,1
corona,1
coron√©,1
corregida,1
corregir,1
correr,1
corres,1
correspondencia,1
corridos,1
corriente,1
corrija,1
corrimos,1
cortarlo,1
cortaron,1
cort√©,1
cosilla,1
costaba,1
costado,1
costados,1
cost√≥,1
cotas,1
crazy,1
cre,1
creador,1
creados,1
crear,1
create,1
credito,1
creeme,1
creemos,1
creer,1
creerle,1
crei,1
cre√≠,1
cringe,1
crisis,1
critico,1
crudo,1
cruz,1
cruza,1
cruzar,1
cruzaron,1
css,1
csv,1
cuadra,1
cuadrado,1
cuadrara,1
cuantos,1
cuarto,1
cuartos,1
cuatrapeo,1
cuautitl√°n,1
cubeta,1
cubetas,1
cubierto,1
cubrimos,1
cucharada,1
cuelga,1
cuesta,1
cueva,1
cuevana,1
cuida,1
cuidando,1
cuidar,1
culera,1
culeritos,1
culey,1
culiac√°n,1
culpa,1
culpable,1
cumplan,1
cumpliendo,1
cumplieras,1
cumplimos,1
cumpl√≠a,1
cuotas,1
cupos,1
curando,1
cursillo,1
cursos,1
cu√°ndo,1
cu√≠dala,1
cu√±is,1
cynthia,1
c√°lmate,1
c√©sar,1
c√≥digos,1
c√≥modo,1
dales,1
daliooo,1
dama,1
dane,1
daneli,1
dani,1
darmelos,1
darse,1
darte,1
dar√°n,1
dato,1
da√±emos,1
da√±o,1
dea,1
deber,1
deberes,1
deber√≠amos,1
deber√≠as,1
debia,1
debiendo,1
deb√≠,1
deb√≠amos,1
deb√≠an,1
decepci√≥n,1
decia,1
decidi,1
decidieras,1
decidieron,1
decimos,1
decirle,1
declarar,1
dec√≠rmelo,1
dedicado,1
dedicados,1
dedicar√≠a,1
dedico,1
dedique,1
defectuosas,1
defensas,1
defensor,1
definici√≥n,1
definir,1
dejaba,1
dejalo,1
dejare,1
dejarle,1
dejas,1
dejastes,1
delfino,1
dem,1
demandar,1
demasiadas,1
demora,1
demostraci√≥n,1
denaja,1
denme,1
departamento,1
dependencia,1
depocita,1
depocotrs,1
depositarme,1
depositaron,1
depositar√©,1
deposito,1
depresi√≥n,1
deprimido,1
deprimirme,1
derivada,1
derrota,1
desactivan,1
desamor,1
desapareci√≥,1
desarrollando,1
desastre,1
desatar,1
desayunado,1
desayunando,1
desayunar,1
desayun√©,1
desbalanceo,1
descansaron,1
descansas,1
descargarla,1
descargarlo,1
descargo,1
descargue,1
desconcertado,1
desconecta,1
desconectado,1
desconectarla,1
desconfirmo,1
descontrol,1
descuento,1
desea,1
desearte,1
deseas,1
desee,1
deseo,1
desilusione,1
desinflamo,1
desinstalar,1
desmayados,1
desorden,1
despedida,1
despedirme,1
despejar,1
desperdido,1
despierto,1
despistada,1
desplaza,1
desprecia,1
destino,1
destroza,1
destruiste,1
desvelada,1
desvel√©,1
detalle,1
determinar,1
detiene,1
devastado,1
dhcp,1
diaaaaas,1
diagramas,1
diapositiva,1
diarias,1
diarios,1
diceselo,1
dicha,1
dichoooo,1
dichos,1
dici√©ndote,1
dickisa,1
dicscula,1
dientes,1
diferente,1
differencial,1
dificultando,1
dif√≠ciles,1
digaaaa,1
digame,1
digos,1
dijoen,1
dileeee,1
diles,1
dimee,1
dimensionan,1
dinamica,1
dinerito,1
diria,1
dir√≠an,1
dir√≠as,1
disciplina,1
discreci√≥n,1
discurso,1
discusi√≥n,1
disc√∫lpame,1
dise√±ador,1
disfruta,1
disfrutando,1
disfrute,1
disfr√∫tala,1
disgusta,1
dislexia,1
disoluci√≥n,1
dispare,1
disparos,1
dispoble,1
disposici√≥n,1
dispositivo,1
distingo,1
distingue,1
distingu√≠a,1
distintas,1
distribuir,1
divergente,1
dividimos,1
dividir,1
divierte,1
divina,1
divisor,1
divi√©rtete,1
divorciar,1
dns,1
do,1
doc,1
doctor,1
dolares,1
dolor,1
dolores,1
domicilio,1
don,1
dormirla,1
dormirme,1
dorm√≠,1
doxear,1
driver,1
drivers,1
dros,1
dudar,1
dudas,1
dudaste,1
dudes,1
duelen,1
duermas,1
duranguense,1
durante,1
dure,1
duren,1
durmi√≥,1
duty,1
d√°rtelo,1
d√©ficit,1
d√©jame,1
d√≠aaaas,1
d√≠gito,1
d√≠gitos,1
eahhh,1
eats,1
ebtregadera,1
echa,1
echale,1
echarte,1
echese,1
ech√°ndole,1
ecomicamrnte,1
econ√≥mica,1
econ√≥mico,1
edad,1
edgar,1
edificio,1
editar,1
edmodo,1
edomex,1
eeeey,1
eeww,1
efectivamente,1
efectos,1
efesota,1
egresos,1
ej,1
ejecutable,1
elaborar,1
elasticidad,1
elector,1
electra,1
electronica,1
elegancia,1
elegir,1
elegira,1
elevado,1
elevar,1
eliges,1
elije,1
eliminar,1
eliminaron,1
elimino,1
elimin√≥,1
elote,1
embarcar,1
embolsada,1
emergencia,1
emocionado,1
emociones,1
empat√≥,1
empecemos,1
empec√©,1
empezado,1
empezamos,1
empezaron,1
empezar√©,1
empiezan,1
empleados,1
empresa,1
enamorado,1
encanta,1
encargados,1
encargarte,1
encargar√°,1
encarg√≥,1
encerrada,1
encontrabamos,1
encontre,1
encontr√≥,1
encuentres,1
endeudamiento,1
enemigo,1
enfermera,1
enfermero,1
enfermer√≠a,1
enfocando,1
enfrentaba,1
enga√±aste,1
enloqueci√≥,1
enojada,1
enojado,1
enoje,1
enorme,1
enos,1
enp,1
ensayo,1
ense√±a,1
ense√±an,1
ense√±anza,1
ense√±aron,1
ense√±ar√°,1
ense√±ar√≠a,1
enteramos,1
enteran,1
enteres,1
enteros,1
enterrado,1
enter√≥,1
entiendas,1
entiendes,1
enti√©ndelo,1
entoneces,1
entran,1
entrando,1
entrar√≠a,1
entrar√≠as,1
entraste,1
entregada,1
entregando,1
entregaron,1
entregar√©,1
entregar√≠a,1
entregar√≠amos,1
entregues,1
entrenandola,1
entrenos,1
entres,1
entrevista,1
entr√≥,1
enunciados,1
enviale,1
enviar√≠an,1
enviaste,1
envio,1
env√≠a,1
env√≠ar,1
env√≠os,1
equide,1
equipp,1
equis,1
equisdeeee,1
equivocado,1
equivocaron,1
equivocate,1
equivoco,1
equivoc√≥,1
erick,1
ericka,1
eriiiivbertoo,1
ernest,1
esca,1
escaneo,1
escaparte,1
escasos,1
escena,1
escoger,1
escogiendo,1
escogiendolos,1
esconder,1
escondidas,1
escribe,1
escribiendo,1
escribirte,1
escribo,1
escrib√≠,1
escrita,1
escrito,1
escrituras,1
escuchan,1
escuchando,1
escuchar,1
escucharla,1
escucharlas,1
escuchar√≠a,1
escuchaste,1
esc√°ndalo,1
esen,1
esfuersate,1
esguince,1
esime,1
esooooo,1
esoooooo,1
espacio,1
espaci√≥,1
espantados,1
espantando,1
espant√≥,1
especial,1
especiales,1
especialistas,1
esperabamos,1
esperanza,1
esperara,1
esperarse,1
esperenme,1
esper√°ndolo,1
esper√©,1
espi√≥,1
espn,1
esposa,1
esposo,1
esquimera,1
estaaaaaa,1
estaan,1
estacionamiento,1
estaciones,1
estafa,1
estafas,1
estaga,1
estandar,1
estari,1
estaria,1
estar√°,1
estar√°n,1
estar√≠an,1
estemos,1
esteren,1
esteticos,1
estigma,1
estilo,1
estoooo,1
estrangulaci√≥n,1
estrenar,1
estresas,1
estrese,1
estructura,1
estr√©s,1
estubo,1
estudiambre,1
estudio,1
estudi√©,1
estuvimos,1
est√°ndar,1
est√°ticas,1
est√©n,1
est√≥y,1
est√∫pido,1
etiquet√≥,1
eu,1
evadimos,1
evaluaci√≥n,1
evaluar,1
evidencia,1
exacta,1
exactos,1
exagerado,1
exameb,1
excusas,1
existencial,1
existenciales,1
exitoso,1
experiencias,1
explican,1
explicando,1
explico,1
expliquemos,1
expl√≠citamente,1
expondraj,1
exponer,1
expres,1
extendida,1
extendi√≥,1
extensa,1
extensos,1
extorsionador,1
extorsionando,1
extorsi√≥n,1
extracurricular,1
extras,1
extra√±aba,1
extra√±ana,1
extremo,1
ey,1
fab,1
fachera,1
facil,1
fack,1
fallo,1
fall√≥,1
faltaba,1
faltaban,1
faltar,1
faltaria,1
faltar√≠an,1
falten,1
famos√≠simo,1
farsa,1
fas,1
favoooooor,1
favorito,1
fea,1
fedex,1
felices,1
felicitar,1
fel√≠z,1
femenil,1
fer,1
fideos,1
fiestas,1
fiiiin,1
fiiin,1
finde,1
fine,1
fines,1
fino,1
flecha,1
flojito,1
flojona,1
florecillas,1
flujo,1
fms,1
foco,1
folleto,1
fondo,1
forja,1
formalidad,1
formalizar,1
forman,1
formar,1
formula,1
foro,1
fortaleza,1
fotograf√≠a,1
francia,1
francisco,1
franco,1
free,1
freestyle,1
frente,1
fren√©tica,1
fren√©tico,1
fresh,1
freskiboy,1
fresquito,1
frida,1
friday,1
frijoles,1
from,1
fs,1
fueeerzas,1
fuego,1
fuertes,1
fuertesillo,1
fuertesito,1
fuerteson,1
funar,1
funcionamiento,1
funcionario,1
fundamentos,1
funeral,1
fvck,1
f√©rula,1
f√≠jate,1
f√≠sica,1
f√≥rmula,1
g,1
g3,1
galletas,1
gallina,1
gallos,1
gal√≥n,1
ganado,1
ganar,1
ganar√°,1
gane,1
ganes,1
garganta,1
garra,1
gas,1
gastar,1
gatito,1
gato,1
generaci√≥n,1
generala,1
genes,1
geniales,1
gen√©tica,1
geogebra,1
get,1
geton,1
gfa,1
gibran,1
gignac,1
gimme,1
giro,1
glorieta,1
glot√≥n,1
go,1
gobierno,1
god,1
gog,1
golpe,1
gordito,1
gorra,1
gpt,1
grabada,1
grabando,1
graciaaaas,1
gradiente,1
grado,1
graduaci√≥n,1
graficas,1
gran,1
grandes,1
grandesito,1
grasso,1
grave,1
grietas,1
gris,1
groserias,1
groseros,1
grunac,1
gr√°fico,1
guacamoles,1
guantes,1
guardando,1
guarde,1
guard√©,1
guerrero,1
guerreros,1
gugo,1
guiar,1
guiarlo,1
guinda,1
gustaba,1
gustado,1
gustando,1
gustaria,1
gu√≠as,1
gu√≠e,1
haaayyy,1
habian,1
hablamos,1
hablan,1
hablarme,1
hablemos,1
habl√°ndole,1
habr√°,1
hacem,1
hacenos,1
hacerlos,1
hacerte,1
haci√©ndole,1
hackeado,1
hackers,1
hac√≠as,1
hagamos,1
hajaja,1
halloween,1
hambre,1
hanz,1
hanzka,1
haremos,1
haria,1
harta,1
har√°,1
har√°n,1
haste,1
hayyy,1
hazlaaaaaas,1
hazme,1
hazte,1
heart,1
heee,1
herencia,1
hermanas,1
hermanita,1
hermanooooouuuuu,1
hermoso,1
hey,1
hicimos,1
hielo,1
hijaaaaaaak,1
hijaaaakkk,1
hijaaak,1
hijacl,1
hijakkkk,1
hikaaaaaaaaaak,1
hipotesis,1
hippie,1
historico,1
ho,1
holaaaaaaaa,1
holaque,1
holiiiiiis,1
holiiiis,1
holisss,1
holly,1
hombro,1
honda,1
hopital,1
horaria,1
horizontal,1
horizontales,1
hotel,1
hoteles,1
hr,1
hra,1
http://www.mat.ucm.es/~arrondo/ten.pdf,1
https://correoipn-my.sharepoint.com/:p:/g/personal/kgilc1700_alumno_ipn_mx/et3in0ixt6vdsvxjstzryd4bv279dntnr_zq7qo5tturww?e=kr4iar,1
https://docs.google.com/document/d/1i0uckezfpb9stxctnwun93ldchnnwf9zryanzwv54pg/edit?usp=sharing,1
https://docs.google.com/document/d/1rogsizqhdwwtsnthybeirshu_ei0-bkci4ue7zufjhs/edit?usp=sharing,1
https://docs.google.com/forms/d/e/1faipqlsec0oxsbsoqndc8p1jkvvladpavmesz89fxzlu7k428npulkq/viewform?usp=sf_link,1
https://dorganizacion.ieem.org.mx/ubicatucasilla2021/,1
https://es.slideshare.net/jorgaiizalexandro/como-entender-y-hacer-demostraciones-daniel-solow,1
https://fb.watch/945r7bg6ed/,1
https://fb.watch/94bfxymumf/,1
https://fb.watch/9axbwh0k_5/,1
https://fb.watch/9crhuts3nj/,1
https://fb.watch/9er7dny1ll/,1
https://fb.watch/9erkz8m7nc/,1
https://fb.watch/9mfs13xevk/,1
https://fb.watch/9pdrnyoz_l/,1
https://fb.watch/9thaoigi_s/,1
https://fb.watch/a00hxuei3z/,1
https://fb.watch/aowcmkfzp2/,1
"https://internetpasoapaso.com/configurar-correo-outlook-con-gmail/#:~:text=desde%20hace%20m%c3%a1s%20de%20un,mensajes%20desde%20su%20bandeja%20unificada",1
https://ipn.webex.com/ec3300/eventcenter/mobile/eventinfomobile.do?siteurl=ipn&confid=208249711820309259&meetingkey=26245489664&backurl=%2fmw3300%2fwireless%2fmeetinglist.do%3fsiteurl%3dipn&t=a&mtid=e1c40cf104a2365a183ffe942377a3ced&rnd=8.619870605647284e-4&isipadasmobile=null&frommodernviewmobile=null,1
https://l.facebook.com/l.php?u=https%3a%2f%2fwww.instagram.com%2freel%2fcvcf4bbv83h%2f&h=at2frwl4vy7dtmlj0v5limavln0dvo5g4ejk6cwhxhfrhgg4rqxqjwblobgum0ukpwhtfmfmwmotpjhjpwcpart8pcabjk_mmlx3wajkfhhziagoldbgtyfeosfmorxiakatrsl0tebxhe4rkpmp&s=1&fs=e&s=cl,1
https://lucid.app/documents/view/1fd0c7d4-ce73-4eb6-bb0f-717af3a81631,1
https://lucid.app/lucidchart/invitations/accept/inv_7a902958-5db6-4080-9336-b67574e7d78f,1
https://m.facebook.com/groups/1885015225158891/permalink/3043725619287840/?sfnsn=scwspwa,1
https://m.facebook.com/groups/283018960462027/permalink/285238186906771/?sfnsn=scwspwa,1
https://m.facebook.com/groups/guasmorecords/permalink/511513100175599/?sfnsn=scwspwa,1
https://m.facebook.com/story.php?story_fbid=271937398280593&id=100550405419294&sfnsn=scwspwa,1
"https://maps.google.com/?q=19.6211605,-99.3255567",1
"https://maps.google.com/?q=19.6236033,-99.2000694",1
"https://maps.google.com/?q=19.6543991,-99.2564126",1
"https://maps.google.com/?q=19.6598095,-99.2478444",1
https://meet.google.com/cvg-oogn-vif,1
https://meet.google.com/ggk-nofr-xyf,1
https://meet.google.com/paw-ouks-aup,1
https://mvlogistica.com.mx/,1
https://onedrive.live.com/edit.aspx?resid=74a25108f89fd5c8!241828&ithint=file%2cdocx&wdo=2&authkey=!apsw4-vxbo-f9hg,1
https://pdf1.alldatasheet.com/datasheet-pdf/view/22755/stmicroelectronics/lm335.html,1
https://us04web.zoom.us/j/73117172399?pwd=axnpkxwwzye0fgodfszaukamddciza.1,1
https://us04web.zoom.us/j/78029577410?pwd=jfrhues7krt9mj8ruwslxvibc6zjgj.1,1
https://www.aa.org/assets/es_es/sp-4_youngpeopleandaa.pdf,1
https://www.datasource.ai/es/data-science-articles/12-proyectos-geniales-de-data-science-para-principiantes-y-expertos,1
https://www.enter.co/cultura-digital/entretenimiento/por-que-hay-diferentes-versiones-de-loki/,1
https://www.facebook.com/100041650626919/posts/479777826753901/?sfnsn=scwspwa,1
https://www.facebook.com/101560181629049/posts/213771073741292/?sfnsn=scwspwa,1
https://www.facebook.com/aantoniogarciasfc/videos/2761464740742662/?fs=e&s=cl,1
https://www.facebook.com/erick.barrales.7/videos/967672264173995/?sfnsn=scwspwa,1
https://www.facebook.com/groups/357489462232402/permalink/501300581184622/?sfnsn=scwspwa,1
https://www.facebook.com/groups/511231352650156/permalink/1290869148019702/?sfnsn=scwspwa,1
https://www.facebook.com/jade.alejandra.927/videos/136972001468624/?fs=e&s=cl,1
https://www.facebook.com/marketplace/item/733780620591466/,1
https://www.facebook.com/miguelon.hernandez.92/videos/2029735227168401/?fs=e&s=cl,1
https://www.facebook.com/nicolas.arcoslopez.35/videos/255370656084141/?fs=e&s=cl,1
https://www.facebook.com/reel/239269465393506?mibextid=6ajuk9&s=chyv2b&fs=e,1
https://www.facebook.com/share/r/dgeygmdlqdqezohf/?mibextid=d5vuiz,1
https://www.instagram.com/bikecomedy/reel/cwd4ns8grlb/?utm_medium=share_sheet,1
https://www.instagram.com/bp_comedy101/reel/cxlvjnvduue/?utm_medium=share_sheet,1
https://www.instagram.com/luisitoreyfotos/reel/cymqsbxopyb/?utm_medium=share_sheet,1
https://www.instagram.com/reel/coitpbsjr3q/?igshid=1mzao8hvhoh0q,1
https://www.instagram.com/reel/cqhd-ffkbry/?utm_medium=share_sheet,1
https://www.instagram.com/reel/cqjmihnj54h/?utm_medium=share_sheet,1
https://www.instagram.com/reel/crmp-8yodvy/?igshid=njfhogmzyte3zq==,1
https://www.instagram.com/reel/cv1hr-iffbx/?utm_medium=share_sheet,1
https://www.instagram.com/reel/cvdak7qpamb/?utm_medium=share_sheet,1
https://www.instagram.com/reel/cwlydh4fmvb/?utm_medium=share_sheet,1
https://www.instagram.com/reel/cwsmzflghqo/?utm_medium=share_sheet,1
https://www.instagram.com/reel/cxnzwaeg3fb/?utm_medium=share_sheet,1
https://www.instagram.com/savik3run/reel/cxtkwvtspjy/?utm_medium=share_sheet,1
https://www.instagram.com/taylor_nye/reel/cxxl4ofax-0/?utm_medium=share_sheet,1
https://www.ti.com/lit/ds/symlink/lm741-mil.pdf,1
https://www.unirioja.es/talleres/creatividad_matematica/seminariobachillerato/notasfunciones.pdf,1
https://www.xataka.com/basics/como-usar-gmail-en-microsoft-outlook,1
https://www.youtube.com/watch?v=5vradmrantq&t=532s,1
https://www.youtube.com/watch?v=93s71kvwjz4&list=pl5dm_nfrv7q50v8f9cdepvaovv35rmqfl&index=13&ab_channel=aldomusicgroup,1
https://www.youtube.com/watch?v=_sdgignqots&list=ll&index=216&ab_channel=designo704,1
https://www.youtube.com/watch?v=ak4ucmm1ppq&list=ll&index=683&ab_channel=delrecords,1
https://www.youtube.com/watch?v=aqfiohlcgb4&list=ll&index=988&ab_channel=gvpromotions,1
https://www.youtube.com/watch?v=c_gspcen-c8,1
https://www.youtube.com/watch?v=ci6lz_kqzny&list=ll&index=707&ab_channel=eslab%c3%b3narmado-topic,1
https://www.youtube.com/watch?v=dtqcqyquyhu&list=ll&index=986&ab_channel=clikamusic,1
https://www.youtube.com/watch?v=hf5hgp6n4zs,1
https://www.youtube.com/watch?v=jemcd0fgq3c,1
https://www.youtube.com/watch?v=l9barasn_2s,1
https://www.youtube.com/watch?v=lvzrjcil1ek&ab_channel=corridosconletra,1
https://www.youtube.com/watch?v=n1clar_23q4,1
https://www.youtube.com/watch?v=rswavr_lh88&list=ll&index=626&ab_channel=eslabonarmado,1
https://www.youtube.com/watch?v=vr_d5rewswu&list=ll&index=476&ab_channel=portediferente-topic,1
https://www.youtube.com/watch?v=x43cviqq6fe&list=ll&index=825&ab_channel=juniorh-topic,1
https://www.youtube.com/watch?v=y0uerj28xng,1
https://www.youtube.com/watch?v=ycl_faxw8gs&list=ll&index=977&ab_channel=rvmusic,1
https://youtu.be/-12yztoscmi,1
https://youtu.be/3hz8bbsbh4,1
https://youtu.be/5wlmczu0k68,1
https://youtu.be/8_-5z1gggwc,1
https://youtu.be/8jh8rbavsna,1
https://youtu.be/9dvilukuhks,1
https://youtu.be/_tee6uvx0ck,1
https://youtu.be/gnrvybi-6ue,1
https://youtu.be/gvqnp8lxyue,1
https://youtu.be/h9c3ri20ary,1
https://youtu.be/i42w-fw2sto,1
https://youtu.be/iblwc-fihb0,1
https://youtu.be/odwnrjmbc2k,1
https://youtu.be/pctzmbq4svk,1
https://youtu.be/pkmfmqxltbw,1
https://youtu.be/q47ltk_tqsk,1
https://youtu.be/xt0mzyc4kgq,1
https://youtu.be/y6vh9skfwto,1
https://youtube.com/shorts/0meyfysrvfo?feature=share,1
https://youtube.com/shorts/8dncgcnseps?feature=share,1
https://youtube.com/shorts/fp1vfyaitio?feature=share,1
https://youtube.com/shorts/fw21cfewbeu?feature=share,1
https://youtube.com/shorts/i_j1xirgm5c?feature=share,1
https://youtube.com/shorts/ifqncutn2zy?feature=share,1
https://youtube.com/shorts/l9cpvx-1fhy?feature=share,1
https://youtube.com/shorts/lwx_5mdx1au?feature=share,1
https://youtube.com/shorts/njsbdt5csis?feature=share,1
https://youtube.com/shorts/qgccgmzefxo?feature=share,1
https://youtube.com/shorts/qjitowf2z5i?feature=share,1
https://youtube.com/shorts/tnnxbhqimny?feature=share,1
https://youtube.com/shorts/v5deipscupe?feature=share,1
https://youtube.com/shorts/wrxb0yyxroo?feature=share,1
https://youtube.com/shorts/xtmnmvimj4m?feature=share,1
huarache,1
huele,1
hueso,1
hueva,1
huevi,1
huevito,1
hujak,1
hulk,1
humildad,1
icc,1
identificacion,1
identificado,1
identificador,1
identificaramos,1
identifiqu√©,1
idi,1
idiota,1
idk,1
ieys,1
iguales,1
iiiiiiiiiiiiiiira,1
iiiirs,1
ilimitado,1
ilusi√≥n,1
ima,1
imagenes,1
images,1
imagina,1
impartir,1
implant√≥,1
impl√≠citas,1
importa,1
imprimirla,1
imprimo,1
improvisar,1
imss,1
inactivo,1
inciso,1
incistiendo,1
incluir,1
incluye,1
incluyen,1
incognita,1
inconveniente,1
inconvenientes,1
indicaciones,1
inestable,1
infancia,1
infograf√≠as,1
informacion,1
informe,1
informo,1
infraestructura,1
ingeniera,1
ingleeee,1
ingles,1
ingreso,1
inicia,1
inicial,1
inicialmente,1
iniciando,1
inicie,1
inici√≥,1
inmadurez,1
inmobilizaron,1
inocencia,1
inresponsabilidad,1
inscribiste,1
inscribi√≥,1
inscripcion,1
inscripciones,1
inscripci√≥n,1
inscrita,1
insertar,1
inserte,1
insiltandome,1
insistiendo,1
instala,1
instalaciones,1
instalas,1
instalaste,1
instinto,1
institucional,1
insultarme,1
insultos,1
integras,1
intenci√≥n,1
intensa,1
intensi√≥n,1
intentalo,1
intentando,1
intente,1
intent√≥,1
interbancaria,1
interesado,1
intermediario,1
internets,1
interpersonales,1
interrogaci√≥n,1
intersecta,1
intervalos,1
intro,1
introvertido,1
int√©ntalo,1
inventario,1
inversi√≥n,1
investigacion,1
investigando,1
invitaaa,1
invitan,1
invitando,1
invitarlo,1
invitaron,1
invitas,1
invit√≥,1
involucrado,1
inyecte,1
irala,1
iralaaaa,1
ire,1
iremos,1
irla,1
irle,1
irlo,1
irrrrrr,1
irving,1
ir√°,1
ir√≠a,1
isaa,1
italika,1
izq,1
izquierda,1
jaajaa,1
jaajajaja,1
jaajajajjajajajaja,1
jaajajjajajjajajja,1
jaajjaaa,1
jajajaajajaja,1
jajajajaaj,1
jajajajaaja,1
jajajajajaa,1
jajajajajajaa,1
jajajajajajajaja,1
jajajajajajajajaja,1
jajajajajajajajajajajaja,1
jajajajajajajajja,1
jajajajajajja,1
jajajajajajjajaja,1
jajajajajjaa,1
jajajajajjaajja,1
jajajajajjaja,1
jajajajajjajajaja,1
jajajajajjajajajjs,1
jajajajajjajjaja,1
jajajajjaaja,1
jajajajjaajajjajjajajajjaja,1
jajajajjajaajajjajaja,1
jajajajjajajajaj,1
jajajajjajajajajaj,1
jajajajjajajajajajajja,1
jajajajjajajajja,1
jajajajjajajajjajajajajja,1
jajajajjajajja,1
jajajajjajajjajajjaja,1
jajajajjajaka,1
jajajajjjaj,1
jajajak,1
jajajaka,1
jajajjaajajaaja,1
jajajjaj,1
jajajjajaaa,1
jajajjajajaja,1
jajajjajajajaj,1
jajajjajajajajajjaa,1
jajajjajajajajja,1
jajajjajajajajjajajjajq,1
jajajjajajajjajajajajajaja,1
jajajjajajajjajajajajajajajajajjaja,1
jajajjajajjaja,1
jajajjajajjajjajajjajaj,1
jajajjajjajajjajajaja,1
jajajjajjajjajjajajjajajajajaja,1
jajajjja,1
jajajjjajajaja,1
jajajq,1
jajaq,1
jajauaa,1
jajjaaaja,1
jajjajaj,1
jajjajajaj,1
jajjajajajajj,1
jajjajajajjajaja,1
jajjajajja,1
jajjajjaa,1
jajjjajaja,1
jakaka,1
jalaban,1
jalando,1
jalar,1
jalate,1
jam√≥n,1
jap√≥n,1
jarabe,1
java,1
jefaaaaaa,1
jefes,1
jeffeee,1
jej,1
jejee,1
jejejee,1
jejejejej,1
jejejejejee,1
jejejejejeje,1
jejejejjejeje,1
jejjajajja,1
jejjeeje,1
jejjeje,1
jess,1
jessica,1
jet√≥n,1
jija,1
jjajajajaja,1
jjajjajajjajajjaja,1
jodan,1
jodiendo,1
johanna,1
jornada,1
joto,1
joven,1
joyita,1
jpg,1
jsjja,1
jsjjsjjs,1
jsjjss,1
jsjsjajaja,1
jsjsjjsjss,1
jsjsjsjsj,1
jsjsjss,1
jsjssjsjs,1
jsjw,1
jsus,1
juana,1
juebebed,1
juega,1
juegan,1
jugaba,1
jugar,1
junio,1
juntar,1
juntara,1
juntos,1
juro,1
justamente,1
justo,1
juzgados,1
juzgar,1
ju√°rez,1
jxd,1
kaka,1
kakaka,1
kali,1
kamaru,1
kawasaki,1
kekeke,1
kfc,1
kiddie,1
kike,1
kilo,1
kqja,1
laboratorio,1
lados,1
ladrando,1
ladro,1
lalo,1
lanz√≥,1
lao,1
lap,1
laplace,1
largas,1
largos,1
larguito,1
lastimando,1
latinoam√©rica,1
latio,1
lavadora,1
lavando,1
lavaste,1
laves,1
lean,1
leas,1
leche,1
lecturas,1
legados,1
lenguaje,1
lentes,1
lento,1
leo,1
leonardo,1
lesion√≥,1
lesly,1
levantame,1
levantas,1
levanto,1
leve,1
levesona,1
ley,1
leyendo,1
le√≠ste,1
liberar,1
liberas,1
liberen,1
librer√≠as,1
liga,1
ligas,1
limpiar,1
linda,1
lineal,1
lingues,1
lini,1
litro,1
live,1
liz,1
llamadas,1
llamado,1
llamando,1
llamar,1
llamaste,1
llamen,1
llames,1
llegan,1
llegara,1
llegar√°n,1
llegar√≠a,1
llegas,1
llegaste,1
llegastes,1
lleguen,1
llegues,1
llenado,1
llenando,1
lleno,1
llevan,1
llevando,1
llevarlo,1
llevarnos,1
llevarte,1
llevas,1
llore,1
llover,1
ll√©vale,1
lobo,1
loca,1
locaaa,1
local,1
locas,1
locura,1
lograr,1
lograste,1
logr√©,1
log√≠stica,1
lois,1
longa,1
longitud,1
loquilla,1
lorena,1
lot,1
lote,1
ls,1
ltors,1
lucky,1
lucresio,1
lucy,1
lugar,1
lugares,1
luis,1
lujo,1
luna,1
lupe,1
l√©elo,1
l√≠o,1
maaa,1
maaaaa,1
maaaaaa,1
maaaaaaa,1
maaaaaaaaaaaaa,1
maaaaaancheeees,1
maaaaanches,1
maaaal,1
maaaas,1
mac,1
macho,1
machos,1
macocoooo,1
madrinaaaa,1
madrinas,1
madrinita,1
madrw,1
madura,1
madurar,1
magdalena,1
magia,1
maii,1
maiiii,1
malcolm,1
maldad,1
maldita,1
malditos,1
malilla,1
malos,1
malware,1
mamaron,1
mamitas,1
mamon,1
mamut,1
mandaba,1
mandame,1
mandamela,1
mandamelas,1
mandan,1
mandando,1
mandara,1
mandarla,1
mandarle,1
mandarlo,1
mandarte,1
mandar√©,1
mandee,1
mandela,1
mand√°rmelo,1
manejan,1
maneje,1
manga,1
mantenerla,1
manzana,1
mara,1
maraja,1
marcale,1
marcaleeee,1
marcaron,1
marc√≥,1
mare√©,1
margen,1
marjo,1
marketing,1
marques,1
martha,1
martin,1
mascota,1
maso,1
mata,1
matadito,1
mataron,1
matarte,1
mate,1
matematicas,1
materiak,1
matrimonio,1
max,1
maximo,1
maxiterminos,1
mayor,1
mayores,1
mcqueen,1
medicamento,1
mediciones,1
medidas,1
medir,1
meet,1
mega,1
mejora,1
mejoren,1
men,1
mencionados,1
mencion√≥,1
menor,1
mensajito,1
mentir,1
meraaaaa,1
mercanc√≠a,1
merece,1
merec√≠a,1
merito,1
meros,1
mesesote,1
messenger,1
messi,1
messie,1
meta,1
mete,1
meterla,1
meter√≠a,1
meti,1
metido,1
metieron,1
meti√≥,1
metodos,1
met√≠a,1
mexicana,1
mexicano,1
meza,1
mezcla,1
mezcles,1
micro,1
microempresas,1
microsoft,1
mido,1
mientamela,1
mierda,1
migo,1
mil,1
milagro,1
mill,1
mill√≥n,1
mimir,1
mimiste,1
minando,1
minicoucheada,1
minimo,1
minites,1
minterminos,1
minusculas,1
minutes,1
mirada,1
mirado,1
mirandaaaaa,1
mire,1
mirq,1
mirrey,1
miserias,1
mismito,1
mism√≠simo,1
mmmmmmm,1
mmmmmmmmmta,1
mmmmmmmtaa,1
mmmmmmta,1
mmmmmta,1
modelo,1
modificado,1
modificando,1
modific√≥,1
molestar√©,1
molesten,1
molestias,1
molest√°ndome,1
molida,1
moms,1
money,1
monitoreando,1
monitoristas,1
monos,1
monse,1
monti,1
mon√≥tono,1
moral,1
moreno,1
moriiiir,1
morir,1
morning,1
morrillas,1
morros,1
motherfuckers,1
motivaci√≥n,1
motivados,1
motivando,1
motivaron,1
motivaste,1
motivos,1
motociclista,1
motos,1
moverme,1
movi√≥,1
mt,1
muchachita,1
mucjo,1
muebles,1
muerto,1
muestra,1
muestro,1
mueva,1
mufasa,1
muletas,1
multiplic√≥,1
murciegalo,1
muri√≥,1
musho,1
m√°ndaselo,1
m√°quinas,1
m√°rcale,1
m√≠nimo,1
m√≥dulos,1
m√∫sica,1
naa,1
naaa,1
naaaaa,1
naaaah,1
nacimiento,1
nacional,1
nahh,1
namas,1
naran,1
nat,1
navarretes,1
navidad,1
nececito,1
necesaria,1
necesidad,1
necesitaban,1
necesitabas,1
necesitar√≠amos,1
necesitaste,1
negativos,1
negocio,1
negra,1
negro,1
nelson,1
nervios,1
nerviosa,1
nesario,1
netaaaa,1
netflix,1
neuras,1
neuronales,1
neur√≥tica,1
nice,1
ninguna,1
ninguno,1
nitro,1
nivel,1
ni√±a,1
ni√±o,1
ni√±os,1
ni√±otes,1
nmmms,1
nmmmsssss,1
nmmss√±,1
nnms,1
noamxhes,1
noanches,1
nobestaaaaaa,1
nochesita,1
nodos,1
nooooooo,1
normalito,1
norte√≥,1
nosostros,1
not,1
notaciones,1
notaci√≥n,1
noticia,1
not√©,1
no√±a,1
nrsecito,1
ntc,1
ntonces,1
nube,1
nuclear,1
nudo,1
nuevos,1
numerito,1
oaxaca,1
obligues,1
observacion,1
observaciones,1
obst√°culos,1
obtenemos,1
obtuve,1
obviii,1
ocasi√≥n,1
ocultar,1
oculto,1
ocupada,1
ocurre,1
oex,1
ofert√≥n,1
oficina,1
ofreces,1
ohhhh,1
oi,1
oilaaaaaaaaaaaaaaaaaaa,1
ojitos,1
okeeey,1
olb,1
olga,1
ollita,1
olvidaba,1
olvidaste,1
olviden,1
olvid√©,1
olv√≠dalo,1
ondaaaaaaaaaa,1
ondas,1
online,1
oohhhh,1
ooki,1
oookey,1
oooookey,1
ooooonda,1
oooooooooo,1
opalina,1
opcional,1
operagia,1
operagua,1
operativos,1
opinamos,1
opinar,1
opine,1
opines,1
opinion,1
opini√≥n,1
oportunidad,1
oportunidades,1
optativas,1
ora,1
oraaa,1
oraaaaa,1
oraaaaaa,1
oraciones,1
oralmente,1
oriente,1
orin√≥,1
osciloscopio,1
oscuro,1
otakus,1
ouch,1
out,1
outllook,1
ouu,1
ouuuuu,1
oyebbro,1
oyeeeeeee,1
oyistes,1
o√≠,1
o√≠rla,1
p2,1
paa,1
paaaaa,1
paaaaaaa,1
pablooooo,1
pacho,1
pack,1
pagamelo,1
pagarme,1
pagas,1
paginas,1
pags,1
paguen,1
pagu√©,1
pag√≥,1
pai,1
palapas,1
palazuelos,1
panda,1
pandemia,1
panela,1
panes,1
paniqueado,1
pansito,1
pantallita,1
pantal√≥n,1
pante√≥n,1
pantoja,1
pants,1
panza,1
panzando,1
pao,1
paoooooo,1
papeler√≠a,1
papeler√≠as,1
papiii,1
papo,1
paquetaxo,1
par,1
parado,1
parar,1
parc,1
parche,1
pare,1
parecee,1
parecen,1
parecido,1
parecidos,1
parec√≠a,1
parka,1
participado,1
participaras,1
partici√≥n,1
partida,1
partit,1
parwve,1
par√©,1
pasaba,1
pasaban,1
pasalas,1
pasame,1
pasamos,1
pasarles,1
pasarme,1
pasar√°,1
pasar√°n,1
pasar√≠a,1
pasho,1
pasoooo,1
pasta,1
pastillas,1
patr√≥n,1
paulo,1
pausa,1
pausas,1
pavo,1
pay,1
payasito,1
pa√±al,1
pe,1
pecao,1
pechito,1
pecho,1
pechuga,1
pedimos,1
pedirle,1
pedirles,1
pedirme,1
pedirte,1
pedirtelo,1
ped√≠a,1
peeeeeeeeeeeero,1
peeeeeeeeeero,1
pegado,1
pegue,1
peg√≥,1
pelearon,1
pelees,1
peleonero,1
pele√≥,1
pelos,1
peluquer√≠a,1
pel√≠culas,1
pel√≥n,1
pendejadas,1
pendiente,1
peniwais,1
penosa,1
pensar,1
pensiones,1
pepinos,1
pepo,1
peque√±as,1
peque√±os,1
percatar,1
perderse,1
perdici√≥n,1
perdidas,1
perdiste,1
perdon,1
perdona,1
perdonen,1
perd√≠a,1
perd√≥name,1
perfil,1
perfume,1
permita,1
permitir√°,1
perrilla,1
perrito,1
perrooo,1
personales,1
personalidad,1
pertenecen,1
pertenecer,1
pesaba,1
pesadillo,1
pesadon,1
pesar,1
pesta√±a,1
pex,1
photoshop,1
piaget,1
pib,1
picado,1
pidas,1
pidio,1
pieces,1
pierda,1
pierde,1
pierdo,1
pila,1
pilas,1
pinches,1
pinguinazo,1
pishi,1
pista,1
pkayera,1
plagiaron,1
planteamiento,1
plantear,1
planteles,1
platicando,1
platicarte,1
platicar√©,1
platicas,1
platicaselo,1
platique,1
plato,1
playeras,1
plena,1
plooooox,1
poblaciones,1
pobre,1
pobrecillos,1
poca,1
pocos,1
pod,1
podias,1
podre,1
pod√≠amos,1
pod√≠an,1
pod√≠as,1
pofavor,1
polic√≠a,1
politica,1
ponen,1
ponerla,1
ponerte,1
pones,1
ponga,1
poniendo,1
pon√≠a,1
pool,1
porfi,1
porfiss,1
porquesu,1
porrfis,1
poshta,1
posibilidad,1
posibles,1
posiciones,1
positivos,1
pozole,1
ppuse,1
pq,1
practicamente,1
practicando,1
practicas,1
predominan,1
preferido,1
preginte,1
preguntamos,1
preguntaste,1
pregunte,1
preg√∫ntale,1
prendido,1
preocupado,1
preocupados,1
preparar,1
prepararlos,1
prepares,1
preparo,1
presencia,1
presentamos,1
presentando,1
presionado,1
presionar,1
presiono,1
prestan,1
prestar,1
prestarte,1
presumes,1
previos,1
primaria,1
primo,1
principales,1
prioridades,1
prisas,1
probable,1
probaron,1
problemita,1
problemo,1
proceda,1
procesador,1
producen,1
profesores,1
profundo,1
programacion,1
programamos,1
programando,1
programas,1
prohibido,1
project,1
prometiste,1
pronosticar,1
pronostico,1
propiedades,1
propon,1
propuesta,1
propuse,1
prosiga,1
proteus,1
prote√≠nas,1
protocolo,1
prototipos,1
prpde,1
pruebo,1
pr√°cticamente,1
pr√°cticas,1
pr√≥ximamente,1
pr√≥ximos,1
psicol√≥gicamente,1
psic√≥logos,1
publicaci√≥n,1
public√≥,1
pudiera,1
pueblo,1
puedan,1
puedej,1
puente,1
puentesote,1
puerca,1
puerta,1
puesto,1
pulsaciones,1
pulso,1
pumas,1
puntuales,1
puras,1
pur√©s,1
pus,1
pusimos,1
putazo,1
putero,1
p√°game,1
p√°rrafo,1
p√°salas,1
p√°salo,1
p√°saselo,1
q,1
qpures,1
quality,1
quebko,1
quebrado,1
quedarse,1
quedarte,1
quedar√°n,1
quedar√©,1
quedas,1
queee,1
queeeeeeee,1
quema,1
quemando,1
queme,1
queramos,1
querer,1
quisde,1
quise,1
quisiese,1
quisiste,1
quiso,1
quitaron,1
quitas,1
quiten,1
qu√©dese,1
qu√≠mica,1
qu√≠tate,1
r5,1
rabbit,1
rabo,1
rango,1
rangos,1
rapder,1
rapido,1
rapidp,1
rata,1
ratillo,1
rat√≥n,1
raul,1
rayar,1
rayo,1
ra√∫l,1
reaccionar,1
real,1
realizan,1
reataaaa,1
rebanen,1
rebuelcate,1
receso,1
receta,1
rechazada,1
rechazaron,1
recibirla,1
reciproca,1
reclamaci√≥n,1
reclamarme,1
reclamo,1
recoger,1
recogerla,1
recogiendo,1
recomiendan,1
recomiendo,1
reconoces,1
reconocido,1
recordarme,1
recordarte,1
record√©,1
record√≥,1
recortan,1
recortando,1
recreo,1
recuerden,1
recuperaci√≥n,1
recuperan,1
recupere,1
recuperen,1
recuper√©,1
red,1
redactar,1
redacto,1
reducimos,1
reeeee,1
ref,1
referenciar,1
referia,1
refer√≠as,1
refiriendo,1
reflejado,1
reflejo,1
reflexiones,1
reflexi√≥n,1
refri,1
refrites,1
regalo,1
regal√≥,1
rega√±a,1
regio,1
registrar,1
registrarte,1
regresan,1
regresarme,1
regresar√≠a,1
regresas,1
regrese,1
regresemos,1
regreses,1
regularmente,1
rehabilitaci√≥n,1
rei,1
reiniciar,1
reinscribo,1
reinscripciones,1
relaciona,1
relacionado,1
relajate,1
relativamente,1
rel√°jese,1
remarcado,1
remota,1
remprs,1
renato,1
renglones,1
rengl√≥n,1
renovaron,1
renov√©,1
rentabilidad,1
rentable,1
repartidor,1
repartir,1
repartiremos,1
repartirlos,1
repercusiones,1
repetici√≥n,1
repita,1
repitieron,1
reponga,1
reportarme,1
reporten,1
reprimas,1
reprob√≥,1
requieren,1
requisitos,1
reshena,1
reshes,1
resistencias,1
resistores,1
resolucion,1
resolverlo,1
resolviendo,1
respectivo,1
respecto,1
respiro,1
resplandeciente,1
respondabilidad,1
responde,1
respondes,1
respondi√≥,1
respondo,1
resuelven,1
resulta,1
result√≥,1
resumen,1
resumida,1
resumiste,1
res√∫men,1
retirado,1
retiro,1
retir√≥,1
retrasada,1
retrasaron,1
retraso,1
retro,1
retroceder,1
retrodickisa,1
revienta,1
revisarlo,1
revisarlos,1
revise,1
revolcabas,1
revolucion,1
revuelo,1
rev√©s,1
re√≠,1
re√≠a,1
riete,1
rifar,1
rifaste,1
rip,1
risas,1
ro,1
robar√©,1
robusto,1
rocky,1
rococ√≥,1
roc√≠o,1
rodar,1
roja,1
rolala,1
rolalo,1
romantica,1
rompas,1
rompevientos,1
rompiendo,1
rompi√≥,1
rom√°n,1
rosa,1
rosca,1
rosquisha,1
rosticeria,1
rotaci√≥n,1
rrrrr,1
rucos,1
ruda,1
rude,1
running,1
rutina,1
rutinas,1
saberes,1
sabia,1
sabr√°s,1
sabr√≠a,1
saca,1
sacaaaaaaaa,1
sacamos,1
sacando,1
sacarle,1
sacarte,1
sacaste,1
sac√≥,1
saes,1
sagitario,1
saladas,1
salchicha,1
saldo,1
saldr√©,1
salgamos,1
salgas,1
salida,1
salido,1
salirte,1
salitas,1
salon,1
salsa,1
saludame,1
saludando,1
salude,1
salvar,1
salvas,1
salvaste,1
salve,1
salv√≥,1
sal√≠a,1
sams,1
sandra,1
sangre,1
sangrias,1
sanos,1
saquemos,1
sarcasmo,1
sat,1
saturan,1
saturando,1
saul,1
saulito,1
sayay√≠n,1
scotter,1
script,1
sebas,1
sebasti√°n,1
secciones,1
seco,1
secretario,1
secundaria,1
seeeer,1
segmentar,1
seguir,1
seguiremos,1
seguirte,1
seguir√©,1
seguir√≠a,1
segun,1
segundo,1
segundos,1
segura,1
segu√≠a,1
seleccionados,1
semanales,1
semanita,1
semilla,1
sem√°foro,1
sem√°foros,1
sencillo,1
seno,1
sensaci√≥n,1
sensible,1
sentadillas,1
sentado,1
senti,1
sentimos,1
sepa,1
separado,1
seria,1
servidor,1
servidora,1
servidores,1
servir,1
ser√°s,1
ser√©,1
se√±oras,1
sgo,1
sha,1
shaneth,1
shark,1
sharon,1
shegue,1
shut,1
siae,1
sietno,1
sigamos,1
signo,1
similares,1
simin,1
simonn,1
simple,1
sinceridad,1
sinodales,1
sintiendo,1
sinti√≥,1
sin√≥nimo,1
sin√≥ptico,1
sirva,1
sirvan,1
sirven,1
siscado,1
sisi,1
sisisiissis,1
situaci√≥n,1
si√©ntese,1
skull,1
so,1
soberbia,1
sobrecupos,1
sobrellevarlos,1
sobretodo,1
sobriedad,1
sobrino,1
sobrios,1
sociedad,1
software,1
soleado,1
solidos,1
solucionas,1
sombra,1
sonl,1
sonr√≠es,1
sopa,1
sopas,1
soporte,1
sorprendi√≥,1
sorprise,1
sota,1
soyyyyy,1
so√±e,1
spaghetti,1
spiderman,1
spoileado,1
spoiler,1
steren,1
strike,1
stuart,1
subamos,1
suban,1
subdirec,1
suben,1
subes,1
subi,1
subido,1
subieron,1
subirme,1
subir√©,1
subtemas,1
sub√≠,1
sub√≠a,1
sucem,1
sudadera,1
sueltas,1
suertuda,1
sufrirle,1
sumarle,1
sumaste,1
superaba,1
superiores,1
supieron,1
supongo,1
supuestamente,1
surt√≠a,1
susana,1
suspenso,1
susto,1
suyas,1
suyo,1
s√°bados,1
s√°cale,1
s√©ptima,1
s√≠ntomas,1
s√∫bela,1
tacho,1
tacos,1
takis,1
tallas,1
tanda,1
tani,1
tank,1
tanque,1
tanta,1
tantos,1
tapando,1
taquito,1
tardando,1
tardaron,1
tardaste,1
tardecito,1
tardeson,1
tardw,1
tard√©,1
tard√≠a,1
targeta,1
tarra,1
tec,1
tecnico,1
tecnol√≥gico,1
tela,1
telefono,1
telmex,1
temperatura,1
temporada,1
tender,1
tendria,1
tendr√°n,1
tendr√≠a,1
tendr√≠amos,1
tenes,1
tenia,1
tenias,1
tensi√≥n,1
ten√≠an,1
tepo,1
terceros,1
teresa,1
terminaba,1
terminal,1
terminandole,1
terminarlas,1
terminarlo,1
terminar√≠a,1
terminar√≠amos,1
termines,1
terminos,1
termux,1
terrible,1
tesci,1
texcoco,1
texto,1
tezontle,1
te√≥rico,1
the,1
think,1
tibios,1
ticket,1
tiempito,1
tienda,1
tiendas,1
tierno,1
tierra,1
tigre,1
tiienes,1
tinajas,1
tip,1
titulo,1
tlatoagod,1
tobey,1
tocaba,1
tocan,1
tocando,1
tocaria,1
toco,1
todooo,1
tokyo,1
tom,1
tomaba,1
tomamos,1
tomariamos,1
tomaron,1
tomar√≠a,1
tomaste,1
tomsr,1
tom√©,1
tonalidad,1
tonces,1
tonterias,1
toodopo,1
toques,1
torci√≥,1
tornado,1
tortillas,1
tortiller√≠a,1
tortishas,1
tortuga,1
tortura,1
to√±o,1
traba,1
trabajadores,1
trabajar√©,1
trabaje,1
trabajemos,1
trabajillo,1
tradici√≥n,1
traductor,1
traen,1
traes,1
tragar,1
traia,1
traileros,1
traje,1
tranquilo,1
transcribe,1
transcurso,1
transformadas,1
transitivo,1
tranza,1
trapeeemos,1
trasladarme,1
trastes,1
tratado,1
tratan,1
tratarlos,1
tratar√©,1
traumo,1
trayendo,1
tra√≠a,1
tremenda,1
tribuna,1
tripa,1
tri√°ngulo,1
trone,1
trono,1
truck,1
tr√°mitas,1
tr√°mites,1
tultepec,1
tutor,1
tutor√≠a,1
tuuuuuuuuuuu,1
tuvieron,1
tuvimos,1
tuya,1
tuyos,1
t√©cnicos,1
t√≠mido,1
t√≠tulo,1
t√≥malo,1
uajaja,1
uaua,1
uber,1
ubi,1
ubicacion,1
ubicar,1
ubiques,1
ubuntu,1
ub√≠cate,1
ue,1
ueeeer,1
uff,1
uffffa,1
ufffffa,1
uffffff,1
ufffffffffaaaaaaaaaaa,1
uffffffffffffffffff,1
ulala,1
ultimas,1
ultimo,1
uni,1
unica,1
unico,1
unidades,1
unieron,1
unimos,1
unirme,1
universidad,1
universitaria,1
universitarios,1
upiicsa,1
upiita,1
urgente,1
url,1
usamos,1
usan,1
usaramow,1
usas,1
uses,1
usman,1
util,1
utiles,1
utilidad,1
v2,1
vaaaaaaaaaaaaaaa,1
vaaaans,1
vaaale,1
vaaans,1
vaca,1
vacante,1
vaccine,1
vaciando,1
vacunada,1
vacunarnos,1
vaesperemod,1
vales,1
valga,1
validen,1
valiendo,1
valimos,1
vamossw,1
var,1
varos,1
var√≠a,1
vaselina,1
vatos,1
vavavaa,1
vavavavava,1
vavavavavaa,1
vavavavavvaa,1
vavavavvaa,1
vavavavvavava,1
vavavv,1
vavavvavavavavava,1
vavavvavavavavvaav,1
vavavvavavavva,1
vavavvavavavvaa,1
vavavvavavvava,1
vavavvavvaa,1
vavva,1
vavvaga,1
vavvavavav,1
vavvavavvaa,1
vdd,1
veamos,1
vean,1
veda,1
veeeeeeeeeeeeeeeeeerde,1
veeeeeeeeeeeeeerde,1
veeeeerga,1
veeeerde,1
veeergamo,1
velo,1
venao,1
venda,1
vende,1
vendiendo,1
vendr√°,1
veneno,1
venga,1
vengaaaas,1
veniste,1
ventana,1
ven√≠a,1
verdadera,1
verdes,1
verdura,1
vereeeeerrde,1
vergo,1
vergoski,1
vergotas,1
verhamo,1
verlo,1
vernos,1
versi√≥n,1
verte,1
verticalmente,1
very,1
viable,1
viajas,1
vicio,1
victor,1
victoria,1
videitos,1
vidente,1
videojuegos,1
viejisimo,1
viejita,1
viejitas,1
viejo,1
viejos,1
viendolo,1
viera,1
viernesito,1
view,1
villano,1
vinieron,1
vinil,1
vip,1
virtuales,1
visite,1
vistazo,1
vistima,1
vistote,1
vitaminas,1
viva,1
vive,1
vivientes,1
vivir,1
vivos,1
vi√≥,1
vocacional,1
voladora,1
volt,1
volvemos,1
volver√°,1
volv√≠,1
votar,1
vou,1
voz,1
vqavvaa,1
vrdeeee,1
vrgaaa,1
vrgo,1
vrrgamo,1
vsss,1
vueltota,1
vuelvas,1
v√≠a,1
wachaaaa,1
wachaaaaaaaa,1
wachaloooo,1
wachando,1
wachao,1
wait,1
waksak,1
wazaaaaaaaaaaaaa,1
wee,1
weeee,1
weeeee,1
weeeeer,1
wendy,1
what,1
where,1
wolf,1
xdddddd,1
xe,1
xel,1
xfavaaaaar,1
xfavar,1
xfavor,1
xfiiisss,1
xfss,1
xomprsrlo,1
xzw,1
y5,1
yaaaaa,1
yaaaaaa,1
yap,1
yfff,1
yosie,1
you,1
your,1
yourself,1
ys,1
yulay,1
yyy,1
zip,1
zombi,1
zombies,1
zona,1
zoom,1
¬πra,1
√°lgebra,1
√°ngulo,1
√©chenle,1
√≠bamos,1
√≠dolo,1
√≠ndice,1
√≠ndices,1
√≥,1
√∫nicas,1
üçë,1
üêÅ,1
üêï,1
üëÄ,1
üíî,1
üíñ,1
üíØ,1
üòÜ,1
üòá,1
üòè,1
üòë,1
üòü,1
üòß,1
üò®,1
üò∞,1
üôÉ,1
üôå,1
ü§ï,1
ü§¢,1
ü§≠,1
ü•¶,1
